{"frameRate":24,"name":"Warrior","version":2.3,"armature":[{"skin":[{"slot":[{"z":0,"name":"innerarm_hand","display":[{"transform":{"scX":1,"x":-37.3,"scY":1,"skY":0,"y":-15,"pX":0,"pY":0,"skX":0},"name":"warriorFolder/innerarm_hand","type":"image"}],"parent":"innerarm_hand"},{"z":1,"name":"innerarm_lower","display":[{"transform":{"scX":1,"x":-65.4,"scY":1,"skY":0,"y":-16.35,"pX":0,"pY":0,"skX":0},"name":"warriorFolder/innerarm_lower","type":"image"}],"parent":"innerarm_lower"},{"z":2,"name":"innerarm_upper","display":[{"transform":{"scX":1,"x":-58.35,"scY":1,"skY":0,"y":-30.5,"pX":0,"pY":0,"skX":0},"name":"warriorFolder/innerarm_upper","type":"image"}],"parent":"innerarm_upper"},{"z":3,"name":"innerweapon","display":[{"transform":{"scX":1,"x":-21.35,"scY":1,"skY":0,"y":-51.35,"pX":0,"pY":0,"skX":0},"name":"warriorFolder/innerweapon","type":"image"}],"parent":"innerweapon"},{"z":4,"name":"innerleg_upper","display":[{"transform":{"scX":1,"x":-42.1,"scY":1,"skY":0,"y":-19.6,"pX":0,"pY":0,"skX":0},"name":"warriorFolder/innerleg_upper","type":"image"}],"parent":"innerleg_upper"},{"z":5,"name":"innerleg_lower","display":[{"transform":{"scX":1,"x":-33.8,"scY":1,"skY":0,"y":-24.2,"pX":0,"pY":0,"skX":0},"name":"warriorFolder/innerleg_lower","type":"image"}],"parent":"innerleg_lower"},{"z":6,"name":"innerleg_foot","display":[{"transform":{"scX":1,"x":-64.1,"scY":1,"skY":0,"y":-11.9,"pX":0,"pY":0,"skX":0},"name":"warriorFolder/innerleg_foot","type":"image"}],"parent":"innerleg_foot"},{"z":7,"name":"head","display":[{"transform":{"scX":1,"x":-55.65,"scY":1,"skY":0,"y":-87.65,"pX":0,"pY":0,"skX":0},"name":"warriorFolder/head","type":"image"}],"parent":"head"},{"z":8,"name":"upperbody","display":[{"transform":{"scX":1,"x":-45,"scY":1,"skY":0,"y":-107.6,"pX":0,"pY":0,"skX":0},"name":"warriorFolder/upperbody","type":"image"}],"parent":"upperbody"},{"z":9,"name":"outerleg_upper","display":[{"transform":{"scX":1,"x":-82.1,"scY":1,"skY":0,"y":-24.95,"pX":0,"pY":0,"skX":0},"name":"warriorFolder/outerleg_upper","type":"image"}],"parent":"outerleg_upper"},{"z":10,"name":"outerleg_lower","display":[{"transform":{"scX":1,"x":-37,"scY":1,"skY":0,"y":-24.3,"pX":0,"pY":0,"skX":0},"name":"warriorFolder/outerleg_lower","type":"image"}],"parent":"outerleg_lower"},{"z":11,"name":"outerleg_foot","display":[{"transform":{"scX":1,"x":-62.9,"scY":1,"skY":0,"y":-7.9,"pX":0,"pY":0,"skX":0},"name":"warriorFolder/outerleg_foot","type":"image"}],"parent":"outerleg_foot"},{"z":12,"name":"lowerbody","display":[{"transform":{"scX":1,"x":-57,"scY":1,"skY":0,"y":-94.35,"pX":0,"pY":0,"skX":0},"name":"warriorFolder/lowerbody","type":"image"}],"parent":"lowerbody"},{"z":16,"name":"outerarm_hand","display":[{"transform":{"scX":1,"x":-31.65,"scY":1,"skY":0,"y":-10.1,"pX":0,"pY":0,"skX":0},"name":"warriorFolder/outerarm_hand","type":"image"}],"parent":"outerarm_hand"},{"z":17,"name":"outerarm_lower","display":[{"transform":{"scX":1,"x":-38.25,"scY":1,"skY":0,"y":-12.1,"pX":0,"pY":0,"skX":0},"name":"warriorFolder/outerarm_lower","type":"image"}],"parent":"outerarm_lower"},{"z":18,"name":"outerarm_upper","display":[{"transform":{"scX":1,"x":-29.85,"scY":1,"skY":0,"y":-21.15,"pX":0,"pY":0,"skX":0},"name":"warriorFolder/outerarm_upper","type":"image"}],"parent":"outerarm_upper"}],"name":0}],"bone":[{"transform":{"scX":1,"x":7.55,"scY":1,"skY":-14.78,"y":-128.6,"skX":-14.78},"name":"outerarm_upper","parent":"upperbody"},{"transform":{"scX":1,"x":42.95,"scY":1,"skY":-14.78,"y":-51.1,"skX":-14.78},"name":"outerarm_lower","parent":"outerarm_upper"},{"transform":{"scX":1,"x":33.75,"scY":1,"skY":-14.78,"y":15.65,"skX":-14.78},"name":"outerarm_hand","parent":"outerarm_lower"},{"transform":{"scX":1,"x":-0.65,"scY":1,"skY":0,"y":4.95,"skX":0},"name":"lowerbody"},{"transform":{"scX":1,"x":47.35,"scY":1,"skY":0,"y":201.55,"skX":0},"name":"outerleg_foot","parent":"outerleg_lower"},{"transform":{"scX":1,"x":31.3,"scY":1,"skY":0,"y":123.3,"skX":0},"name":"outerleg_lower","parent":"outerleg_upper"},{"transform":{"scX":1,"x":-10.85,"scY":1,"skY":-53.41,"y":2.15,"skX":-53.41},"name":"outerleg_upper","parent":"lowerbody"},{"transform":{"scX":1,"x":-16.25,"scY":1,"skY":0,"y":-55.45,"skX":0},"name":"upperbody","parent":"lowerbody"},{"transform":{"scX":1,"x":0,"scY":1,"skY":0,"y":-143,"skX":0},"name":"head","parent":"upperbody"},{"transform":{"scX":1,"x":-22.9,"scY":1,"skY":-1.51,"y":199.15,"skX":0},"name":"innerleg_foot","parent":"innerleg_lower"},{"transform":{"scX":1,"x":-21.3,"scY":1,"skY":4.76,"y":122.15,"skX":6.27},"name":"innerleg_lower","parent":"innerleg_upper"},{"transform":{"scX":1,"x":-2.25,"scY":1,"skY":12.01,"y":-7.6,"skX":12.01},"name":"innerleg_upper","parent":"lowerbody"},{"transform":{"scX":1,"x":-96.1,"scY":1,"skY":-64.7,"y":-1.9,"skX":-64.7},"name":"innerweapon","parent":"innerarm_hand"},{"transform":{"scX":1,"x":-20.65,"scY":1,"skY":-29.83,"y":-118.75,"skX":-29.82},"name":"innerarm_upper","parent":"upperbody"},{"transform":{"scX":1,"x":-38.5,"scY":1,"skY":-24.05,"y":-60.4,"skX":-24.05},"name":"innerarm_lower","parent":"innerarm_upper"},{"transform":{"scX":1,"x":-82.95,"scY":1,"skY":-14.78,"y":-12.7,"skX":-14.78},"name":"innerarm_hand","parent":"innerarm_lower"}],"name":"warrior","animation":[{"name":"ready","scale":8,"loop":0,"tweenEasing":null,"duration":6,"fadeInTime":0.25,"timeline":[{"name":"innerarm_hand","scale":1,"frame":[{"transform":{"scX":1,"x":-82.95,"scY":1,"skY":-14.78,"y":-12.7,"pX":0,"pY":0,"skX":-14.78},"z":0,"duration":3},{"transform":{"scX":1,"x":-79.75,"scY":1,"skY":-6.01,"y":-24.15,"pX":0,"pY":0.05,"skX":-6.01},"z":0,"duration":3}],"offset":0},{"name":"innerarm_lower","scale":1,"frame":[{"transform":{"scX":1,"x":-38.5,"scY":1,"skY":-24.05,"y":-60.4,"pX":0,"pY":0,"skX":-24.05},"z":1,"duration":3},{"transform":{"scX":1,"x":-34.55,"scY":1,"skY":-23.05,"y":-71.2,"pX":-0.05,"pY":0.05,"skX":-23.05},"z":1,"duration":3}],"offset":0},{"name":"innerarm_upper","scale":1,"frame":[{"transform":{"scX":1,"x":-20.65,"scY":1,"skY":-29.83,"y":-118.75,"pX":0,"pY":0,"skX":-29.82},"z":2,"duration":3},{"transform":{"scX":1,"x":-11.35,"scY":1,"skY":-24.04,"y":-127.95,"pX":0.1,"pY":0.05,"skX":-24.04},"z":2,"duration":3}],"offset":0.75},{"name":"innerweapon","scale":1,"frame":[{"transform":{"scX":1,"x":-96.1,"scY":1,"skY":-64.7,"y":-1.9,"pX":0,"pY":0,"skX":-64.7},"z":3,"duration":3},{"transform":{"scX":1,"x":-95.7,"scY":1,"skY":-58.67,"y":-16.85,"pX":-0.1,"pY":-0.1,"skX":-58.67},"z":3,"duration":3}],"offset":0},{"name":"innerleg_upper","scale":1,"frame":[{"transform":{"scX":1,"x":-2.25,"scY":1,"skY":12.01,"y":-7.6,"pX":0,"pY":0,"skX":12.01},"z":4,"duration":3},{"transform":{"scX":1,"x":0.1,"scY":1,"skY":7.76,"y":-7.55,"pX":-0.2,"pY":-0.1,"skX":7.76},"z":4,"duration":3}],"offset":0},{"name":"innerleg_lower","scale":1,"frame":[{"transform":{"scX":1,"x":-21.3,"scY":1,"skY":4.76,"y":122.15,"pX":0,"pY":0,"skX":6.27},"z":5,"duration":3},{"transform":{"scX":1,"x":-13.85,"scY":1,"skY":11.01,"y":122.2,"pX":0,"pY":-0.1,"skX":12.52},"z":5,"duration":3}],"offset":0},{"name":"innerleg_foot","scale":1,"frame":[{"transform":{"scX":1,"x":-22.9,"scY":1,"skY":-1.51,"y":199.15,"pX":0,"pY":0,"skX":0},"z":6,"duration":3},{"transform":{"scX":1,"x":-23.1,"scY":1,"skY":-1.51,"y":199.2,"pX":0,"pY":0,"skX":0},"z":6,"duration":3}],"offset":0},{"name":"head","scale":1,"frame":[{"transform":{"scX":1,"x":0,"scY":1,"skY":0,"y":-143,"pX":0,"pY":0,"skX":0},"z":7,"duration":3},{"transform":{"scX":1,"x":5,"scY":1,"skY":0.01,"y":-144,"pX":0.45,"pY":-4.1,"skX":0.01},"z":7,"duration":3}],"offset":0},{"name":"upperbody","scale":1,"frame":[{"transform":{"scX":1,"x":-16.25,"scY":1,"skY":0,"y":-55.45,"pX":0,"pY":0,"skX":0},"z":8,"duration":3},{"transform":{"scX":1,"x":-14.05,"scY":1,"skY":2.76,"y":-59.8,"pX":0.05,"pY":0.05,"skX":2.77},"z":8,"duration":3}],"offset":0},{"name":"outerleg_upper","scale":1,"frame":[{"transform":{"scX":1,"x":-10.85,"scY":1,"skY":-53.41,"y":2.15,"pX":0,"pY":0,"skX":-53.41},"z":9,"duration":3},{"transform":{"scX":1,"x":-8.65,"scY":1,"skY":-56.67,"y":2.1,"pX":0.05,"pY":0,"skX":-56.68},"z":9,"duration":3}],"offset":0},{"name":"outerleg_lower","scale":1,"frame":[{"transform":{"scX":1,"x":31.3,"scY":1,"skY":0,"y":123.3,"pX":0,"pY":0,"skX":0},"z":10,"duration":3},{"transform":{"scX":1,"x":35.5,"scY":1,"skY":3.02,"y":123.1,"pX":0.05,"pY":0.05,"skX":3.02},"z":10,"duration":3}],"offset":0},{"name":"outerleg_foot","scale":1,"frame":[{"transform":{"scX":1,"x":47.35,"scY":1,"skY":0,"y":201.55,"pX":0,"pY":0,"skX":0},"z":11,"duration":3},{"transform":{"scX":1,"x":47.75,"scY":1,"skY":0,"y":201.55,"pX":0,"pY":0,"skX":0},"z":11,"duration":3}],"offset":0},{"name":"lowerbody","scale":1,"frame":[{"transform":{"scX":1,"x":-0.65,"scY":1,"skY":0,"y":4.95,"pX":0,"pY":0,"skX":0},"z":12,"duration":3},{"transform":{"scX":1,"x":1.55,"scY":1,"skY":0,"y":0.95,"pX":0,"pY":0,"skX":0},"z":12,"duration":3}],"offset":0},{"name":"outerarm_hand","scale":1,"frame":[{"transform":{"scX":1,"x":33.75,"scY":1,"skY":-14.78,"y":15.65,"pX":0,"pY":0,"skX":-14.78},"z":16,"duration":3},{"transform":{"scX":1,"x":39.7,"scY":1,"skY":-16.77,"y":12.9,"pX":0.05,"pY":0.05,"skX":-16.77},"z":16,"duration":3}],"offset":0},{"name":"outerarm_lower","scale":1,"frame":[{"transform":{"scX":1,"x":42.95,"scY":1,"skY":-14.78,"y":-51.1,"pX":0,"pY":0,"skX":-14.78},"z":17,"duration":3},{"transform":{"scX":1,"x":46.6,"scY":1,"skY":-16.77,"y":-54,"pX":0.15,"pY":0,"skX":-16.77},"z":17,"duration":3}],"offset":0},{"name":"outerarm_upper","scale":1,"frame":[{"transform":{"scX":1,"x":7.55,"scY":1,"skY":-14.78,"y":-128.6,"pX":0,"pY":0,"skX":-14.78},"z":18,"duration":3},{"transform":{"scX":1,"x":16.4,"scY":1,"skY":-11.01,"y":-133.9,"pX":0,"pY":0,"skX":-11.01},"z":18,"duration":3}],"offset":0.8}]},{"name":"readyWeapon","scale":8,"loop":0,"tweenEasing":null,"duration":6,"fadeInTime":0.25,"timeline":[{"name":"innerarm_hand","scale":1,"frame":[{"transform":{"scX":1,"x":-89.7,"scY":1,"skY":-62.69,"y":-14.85,"pX":0.05,"pY":-0.1,"skX":-62.69},"z":0,"duration":3},{"transform":{"scX":1,"x":-81.45,"scY":1,"skY":-62.69,"y":-20.85,"pX":0,"pY":-0.05,"skX":-62.69},"z":0,"duration":3}],"offset":0},{"name":"innerarm_lower","scale":1,"frame":[{"transform":{"scX":1,"x":-49.05,"scY":1,"skY":-26.8,"y":-64.65,"pX":0.05,"pY":0.1,"skX":-26.8},"z":1,"duration":3},{"transform":{"scX":1,"x":-40.9,"scY":1,"skY":-26.8,"y":-70.7,"pX":0,"pY":0.1,"skX":-26.8},"z":1,"duration":3}],"offset":0},{"name":"innerarm_upper","scale":1,"frame":[{"transform":{"scX":1,"x":-20.7,"scY":1,"skY":-17.53,"y":-118.75,"pX":0.05,"pY":0.05,"skX":-17.53},"z":2,"duration":3},{"transform":{"scX":1,"x":-12.4,"scY":1,"skY":-17.53,"y":-124.75,"pX":0.05,"pY":0.05,"skX":-17.53},"z":2,"duration":3}],"offset":0},{"name":"innerweapon","scale":1,"frame":[{"transform":{"scX":1,"x":-92.75,"scY":1,"skY":58.92,"y":1,"pX":-0.05,"pY":0,"skX":58.92},"z":3,"duration":3},{"transform":{"scX":1,"x":-84.6,"scY":1,"skY":58.92,"y":-4.95,"pX":-0.05,"pY":-0.05,"skX":58.92},"z":3,"duration":3}],"offset":0},{"name":"innerleg_upper","scale":1,"frame":[{"transform":{"scX":1,"x":-2.25,"scY":1,"skY":12.01,"y":-7.6,"pX":0,"pY":0,"skX":12.01},"z":4,"duration":3},{"transform":{"scX":1,"x":0.1,"scY":1,"skY":7.76,"y":-7.55,"pX":-0.2,"pY":-0.1,"skX":7.76},"z":4,"duration":3}],"offset":0},{"name":"innerleg_lower","scale":1,"frame":[{"transform":{"scX":1,"x":-21.3,"scY":1,"skY":4.76,"y":122.15,"pX":0,"pY":0,"skX":6.27},"z":5,"duration":3},{"transform":{"scX":1,"x":-13.85,"scY":1,"skY":11.01,"y":122.2,"pX":0,"pY":-0.1,"skX":12.52},"z":5,"duration":3}],"offset":0},{"name":"innerleg_foot","scale":1,"frame":[{"transform":{"scX":1,"x":-22.9,"scY":1,"skY":-1.51,"y":199.15,"pX":0,"pY":0,"skX":0},"z":6,"duration":3},{"transform":{"scX":1,"x":-23.1,"scY":1,"skY":-1.51,"y":199.2,"pX":0,"pY":0,"skX":0},"z":6,"duration":3}],"offset":0},{"name":"head","scale":1,"frame":[{"transform":{"scX":1,"x":0,"scY":1,"skY":0,"y":-140,"pX":0,"pY":-3,"skX":0},"z":7,"duration":3},{"transform":{"scX":1,"x":6,"scY":1,"skY":0.01,"y":-146,"pX":0.45,"pY":-1.1,"skX":0.01},"z":7,"duration":3}],"offset":0},{"name":"upperbody","scale":1,"frame":[{"transform":{"scX":1,"x":-16.25,"scY":1,"skY":0,"y":-55.45,"pX":0,"pY":0,"skX":0},"z":8,"duration":3},{"transform":{"scX":1,"x":-14.05,"scY":1,"skY":2.76,"y":-59.8,"pX":0.05,"pY":0.05,"skX":2.77},"z":8,"duration":3}],"offset":0},{"name":"outerleg_upper","scale":1,"frame":[{"transform":{"scX":1,"x":-10.85,"scY":1,"skY":-53.41,"y":2.15,"pX":0,"pY":0,"skX":-53.41},"z":9,"duration":3},{"transform":{"scX":1,"x":-8.65,"scY":1,"skY":-56.67,"y":2.1,"pX":0.05,"pY":0,"skX":-56.68},"z":9,"duration":3}],"offset":0},{"name":"outerleg_lower","scale":1,"frame":[{"transform":{"scX":1,"x":31.3,"scY":1,"skY":0,"y":123.3,"pX":0,"pY":0,"skX":0},"z":10,"duration":3},{"transform":{"scX":1,"x":35.5,"scY":1,"skY":3.02,"y":123.1,"pX":0.05,"pY":0.05,"skX":3.02},"z":10,"duration":3}],"offset":0},{"name":"outerleg_foot","scale":1,"frame":[{"transform":{"scX":1,"x":47.35,"scY":1,"skY":0,"y":201.55,"pX":0,"pY":0,"skX":0},"z":11,"duration":3},{"transform":{"scX":1,"x":47.75,"scY":1,"skY":0,"y":201.55,"pX":0,"pY":0,"skX":0},"z":11,"duration":3}],"offset":0},{"name":"lowerbody","scale":1,"frame":[{"transform":{"scX":1,"x":-0.65,"scY":1,"skY":0,"y":4.95,"pX":0,"pY":0,"skX":0},"z":12,"duration":3},{"transform":{"scX":1,"x":1.55,"scY":1,"skY":0,"y":0.95,"pX":0,"pY":0,"skX":0},"z":12,"duration":3}],"offset":0},{"name":"outerarm_hand","scale":1,"frame":[{"transform":{"scX":1,"x":33.75,"scY":1,"skY":-14.78,"y":15.65,"pX":0,"pY":0,"skX":-14.78},"z":16,"duration":3},{"transform":{"scX":1,"x":39.7,"scY":1,"skY":-16.77,"y":12.9,"pX":0.05,"pY":0.05,"skX":-16.77},"z":16,"duration":3}],"offset":0},{"name":"outerarm_lower","scale":1,"frame":[{"transform":{"scX":1,"x":42.95,"scY":1,"skY":-14.78,"y":-51.1,"pX":0,"pY":0,"skX":-14.78},"z":17,"duration":3},{"transform":{"scX":1,"x":46.6,"scY":1,"skY":-16.77,"y":-54,"pX":0.15,"pY":0,"skX":-16.77},"z":17,"duration":3}],"offset":0},{"name":"outerarm_upper","scale":1,"frame":[{"transform":{"scX":1,"x":7.55,"scY":1,"skY":-14.78,"y":-128.6,"pX":0,"pY":0,"skX":-14.78},"z":18,"duration":3},{"transform":{"scX":1,"x":16.4,"scY":1,"skY":-11.01,"y":-133.9,"pX":0,"pY":0,"skX":-11.01},"z":18,"duration":3}],"offset":0.2}]},{"name":"squat","scale":1,"loop":1,"tweenEasing":null,"duration":3,"fadeInTime":0.3,"timeline":[{"name":"innerarm_hand","scale":1,"frame":[{"transform":{"scX":1,"x":-119.75,"scY":1,"skY":57.43,"y":27.95,"pX":0.05,"pY":0.05,"skX":57.43},"z":0,"duration":3}],"offset":0},{"name":"innerarm_lower","scale":1,"frame":[{"transform":{"scX":1,"x":-65.35,"scY":1,"skY":52.41,"y":55.9,"pX":-0.1,"pY":0.15,"skX":52.41},"z":1,"duration":3}],"offset":0},{"name":"innerarm_upper","scale":1,"frame":[{"transform":{"scX":1,"x":-16.05,"scY":1,"skY":33.82,"y":42.65,"pX":0.1,"pY":0,"skX":33.82},"z":2,"duration":3}],"offset":0},{"name":"innerweapon","scale":1,"frame":[{"transform":{"scX":1,"x":-132.2,"scY":1,"skY":17.79,"y":10.85,"pX":0,"pY":-0.05,"skX":17.79},"z":3,"duration":3}],"offset":0},{"name":"innerleg_upper","scale":1,"frame":[{"transform":{"scX":1,"x":-1.6,"scY":1,"skY":127.84,"y":167.2,"pX":-0.05,"pY":0,"skX":127.84},"z":4,"duration":3}],"offset":0},{"name":"innerleg_lower","scale":1,"frame":[{"transform":{"scX":1,"x":-92.65,"scY":1,"skY":-3.76,"y":127.6,"pX":0.1,"pY":-0.05,"skX":-2.26},"z":5,"duration":3}],"offset":0},{"name":"innerleg_foot","scale":1,"frame":[{"transform":{"scX":1,"x":-83.1,"scY":1,"skY":-1.51,"y":199.5,"pX":0,"pY":0,"skX":0},"z":6,"duration":3}],"offset":0},{"name":"head","scale":1,"frame":[{"transform":{"scX":1,"x":-4,"scY":1,"skY":-14.99,"y":10,"pX":-0.7,"pY":1.45,"skX":-14.99},"z":7,"duration":3}],"offset":0},{"name":"upperbody","scale":1,"frame":[{"transform":{"scX":1,"x":20.3,"scY":1,"skY":-27.05,"y":92.25,"pX":0,"pY":0.05,"skX":-27.05},"z":8,"duration":3}],"offset":0},{"name":"outerleg_upper","scale":1,"frame":[{"transform":{"scX":1,"x":9.05,"scY":1,"skY":-11.52,"y":122.2,"pX":-0.05,"pY":0,"skX":-11.52},"z":9,"duration":3}],"offset":0},{"name":"outerleg_lower","scale":1,"frame":[{"transform":{"scX":1,"x":-6.8,"scY":1,"skY":-81.48,"y":216.8,"pX":-0.05,"pY":0,"skX":-81.48},"z":10,"duration":3}],"offset":0},{"name":"outerleg_foot","scale":1,"frame":[{"transform":{"scX":1,"x":69.95,"scY":1,"skY":-119.83,"y":212.6,"pX":0,"pY":0.05,"skX":-119.82},"z":11,"duration":3}],"offset":0},{"name":"lowerbody","scale":1,"frame":[{"transform":{"scX":1,"x":11.05,"scY":1,"skY":14.78,"y":139.2,"pX":0.05,"pY":0,"skX":14.78},"z":12,"duration":3}],"offset":0},{"name":"outerarm_hand","scale":1,"frame":[{"transform":{"scX":1,"x":104.15,"scY":1,"skY":-31.81,"y":120.95,"pX":-0.05,"pY":0,"skX":-31.82},"z":16,"duration":3}],"offset":0},{"name":"outerarm_lower","scale":1,"frame":[{"transform":{"scX":1,"x":76.65,"scY":1,"skY":-46.88,"y":59.4,"pX":0.15,"pY":0,"skX":-46.87},"z":17,"duration":3}],"offset":0},{"name":"outerarm_upper","scale":1,"frame":[{"transform":{"scX":1,"x":8.5,"scY":1,"skY":-56.16,"y":24.5,"pX":0.05,"pY":0.1,"skX":-56.16},"z":18,"duration":3}],"offset":0}]},{"name":"run","scale":3.17,"loop":0,"tweenEasing":null,"duration":6,"fadeInTime":0.25,"timeline":[{"name":"innerarm_hand","scale":1,"frame":[{"transform":{"scX":1,"x":-116.2,"scY":1,"skY":-6.76,"y":-102.6,"pX":0,"pY":0.1,"skX":-6.76},"z":0,"duration":3},{"transform":{"scX":1,"x":-79,"scY":1,"skY":-14.78,"y":-45.3,"pX":0.05,"pY":0,"skX":-14.78},"z":0,"duration":3}],"offset":0},{"name":"innerarm_lower","scale":1,"frame":[{"transform":{"scX":1,"x":-65.55,"scY":1,"skY":-15.78,"y":-143.75,"pX":-0.05,"pY":0.15,"skX":-15.78},"z":1,"duration":3},{"transform":{"scX":1,"x":-34.4,"scY":1,"skY":-24.05,"y":-93.2,"pX":0,"pY":0.1,"skX":-24.05},"z":1,"duration":3}],"offset":0},{"name":"innerarm_upper","scale":1,"frame":[{"transform":{"scX":1,"x":-113.4,"scY":1,"skY":-87.25,"y":-174.95,"pX":0.1,"pY":0.05,"skX":-87.24},"z":2,"duration":3},{"transform":{"scX":1,"x":-86.15,"scY":1,"skY":-95.26,"y":-117.65,"pX":0.1,"pY":0,"skX":-95.26},"z":2,"duration":3}],"offset":0.05},{"name":"innerweapon","scale":1,"frame":[{"transform":{"scX":1,"x":-130.8,"scY":1,"skY":-99.27,"y":-94.8,"pX":-0.05,"pY":-0.05,"skX":-99.27},"z":3,"duration":3},{"transform":{"scX":1,"x":-91.95,"scY":1,"skY":-100.52,"y":-35.6,"pX":0,"pY":-0.05,"skX":-100.52},"z":3,"duration":3}],"offset":0},{"name":"innerleg_upper","scale":1,"frame":[{"transform":{"scX":1,"x":-12.7,"scY":1,"skY":-76.97,"y":-51.4,"pX":-0.1,"pY":-0.1,"skX":-76.97},"z":4,"duration":3},{"transform":{"scX":1,"x":-12.65,"scY":1,"skY":81.99,"y":10.5,"pX":-0.05,"pY":-0.1,"skX":81.99},"z":4,"duration":3}],"offset":0},{"name":"innerleg_lower","scale":1,"frame":[{"transform":{"scX":1,"x":101.95,"scY":1,"skY":-66.2,"y":-29.7,"pX":0.05,"pY":-0.1,"skX":-64.45},"z":5,"duration":3},{"transform":{"scX":1,"x":-120.7,"scY":1,"skY":-51.15,"y":48,"pX":0.05,"pY":-0.05,"skX":-49.4},"z":5,"duration":3}],"offset":0.1},{"name":"innerleg_foot","scale":1,"frame":[{"transform":{"scX":1,"x":171.15,"scY":1,"skY":-115.81,"y":0.55,"pX":0.05,"pY":0.1,"skX":-114.29},"z":6,"duration":3},{"transform":{"scX":1,"x":-47.15,"scY":1,"skY":-1.51,"y":103.1,"pX":0,"pY":0,"skX":0},"z":6,"duration":3}],"offset":0},{"name":"head","scale":0.5,"frame":[{"transform":{"scX":1,"x":-82.95,"scY":1,"skY":-12.7,"y":-190,"pX":0.35,"pY":1.75,"skX":-12.71},"z":7,"duration":3},{"transform":{"scX":1,"x":-95,"scY":1,"skY":-7.02,"y":-110.05,"pX":3.8,"pY":2,"skX":-7.02},"z":7,"duration":3}],"offset":0.1},{"name":"upperbody","scale":0.5,"frame":[{"transform":{"scX":1,"x":-46.8,"scY":1,"skY":-35.58,"y":-114.3,"pX":0,"pY":0,"skX":-35.58},"z":8,"duration":3},{"transform":{"scX":1,"x":-46.35,"scY":1,"skY":-45,"y":-50.2,"pX":0.05,"pY":0.05,"skX":-45},"z":8,"duration":3}],"offset":0},{"name":"outerleg_upper","scale":1,"frame":[{"transform":{"scX":1,"x":-22.1,"scY":1,"skY":38.34,"y":-50.45,"pX":0.05,"pY":0.05,"skX":38.35},"z":9,"duration":3},{"transform":{"scX":1,"x":-16.35,"scY":1,"skY":-108.54,"y":3.45,"pX":0.05,"pY":-0.05,"skX":-108.53},"z":9,"duration":3}],"offset":0},{"name":"outerleg_lower","scale":1,"frame":[{"transform":{"scX":1,"x":-127.2,"scY":1,"skY":-46.14,"y":-4.65,"pX":0.1,"pY":0.05,"skX":-46.14},"z":10,"duration":3},{"transform":{"scX":1,"x":106.85,"scY":1,"skY":-61.19,"y":34.6,"pX":-0.05,"pY":0.1,"skX":-61.19},"z":10,"duration":3}],"offset":0.1},{"name":"outerleg_foot","scale":1,"frame":[{"transform":{"scX":1,"x":-52.3,"scY":1,"skY":0.26,"y":38.95,"pX":0.05,"pY":-0.05,"skX":0.26},"z":11,"duration":3},{"transform":{"scX":1,"x":170.55,"scY":1,"skY":-112.04,"y":59.85,"pX":0.05,"pY":0.1,"skX":-112.04},"z":11,"duration":3}],"offset":0},{"name":"lowerbody","scale":0.5,"frame":[{"transform":{"scX":1,"x":-0.8,"scY":1,"skY":-21.03,"y":-65.35,"pX":0,"pY":0.05,"skX":-21.03},"z":12,"duration":3},{"transform":{"scX":1,"x":-1.15,"scY":1,"skY":-29.83,"y":-3.25,"pX":0.1,"pY":-0.05,"skX":-29.82},"z":12,"duration":3}],"offset":0},{"name":"outerarm_hand","scale":1,"frame":[{"transform":{"scX":1,"x":86.65,"scY":1,"skY":-84.98,"y":-135.55,"pX":0,"pY":0.05,"skX":-84.99},"z":16,"duration":3},{"transform":{"scX":1,"x":34.65,"scY":1,"skY":-84.98,"y":-34.45,"pX":0,"pY":0,"skX":-84.99},"z":16,"duration":3}],"offset":0},{"name":"outerarm_lower","scale":1,"frame":[{"transform":{"scX":1,"x":28.65,"scY":1,"skY":-84.98,"y":-165.4,"pX":0.05,"pY":-0.2,"skX":-84.99},"z":17,"duration":3},{"transform":{"scX":1,"x":-13.95,"scY":1,"skY":-69.96,"y":-76.65,"pX":0.1,"pY":-0.05,"skX":-69.96},"z":17,"duration":3}],"offset":0},{"name":"outerarm_upper","scale":1,"frame":[{"transform":{"scX":1,"x":-55.35,"scY":1,"skY":-66.2,"y":-190,"pX":0,"pY":0,"skX":-66.2},"z":18,"duration":3},{"transform":{"scX":1,"x":-93.9,"scY":1,"skY":-58.68,"y":-112.75,"pX":0,"pY":0.05,"skX":-58.68},"z":18,"duration":3}],"offset":0.05}]},{"name":"jump","scale":1,"loop":1,"tweenEasing":null,"duration":3,"fadeInTime":0.3,"timeline":[{"name":"innerarm_hand","scale":1,"frame":[{"transform":{"scX":1,"x":-60.7,"scY":1,"skY":-14.78,"y":-55.2,"pX":0.1,"pY":0,"skX":-14.78},"z":0,"duration":3}],"offset":0},{"name":"innerarm_lower","scale":1,"frame":[{"transform":{"scX":1,"x":-16.35,"scY":1,"skY":-24.05,"y":-103.05,"pX":0,"pY":0,"skX":-24.05},"z":1,"duration":3}],"offset":0},{"name":"innerarm_upper","scale":1,"frame":[{"transform":{"scX":1,"x":-68,"scY":1,"skY":-95.26,"y":-127.5,"pX":0.05,"pY":0,"skX":-95.26},"z":2,"duration":3}],"offset":0},{"name":"innerweapon","scale":1,"frame":[{"transform":{"scX":1,"x":-73.85,"scY":1,"skY":-100.52,"y":-45.4,"pX":-0.1,"pY":-0.05,"skX":-100.52},"z":3,"duration":3}],"offset":0},{"name":"innerleg_upper","scale":1,"frame":[{"transform":{"scX":1,"x":13.2,"scY":1,"skY":-17.27,"y":-7.55,"pX":-0.05,"pY":0,"skX":-17.28},"z":4,"duration":3}],"offset":0},{"name":"innerleg_lower","scale":1,"frame":[{"transform":{"scX":1,"x":65.5,"scY":1,"skY":-24.05,"y":111.4,"pX":0,"pY":-0.05,"skX":-22.3},"z":5,"duration":3}],"offset":0},{"name":"innerleg_foot","scale":1,"frame":[{"transform":{"scX":1,"x":101.4,"scY":1,"skY":-61.69,"y":187.2,"pX":0.05,"pY":0.05,"skX":-59.94},"z":6,"duration":3}],"offset":0},{"name":"head","scale":1,"frame":[{"transform":{"scX":1,"x":-48,"scY":1,"skY":-7.02,"y":-140,"pX":-0.45,"pY":0.45,"skX":-7.02},"z":7,"duration":3}],"offset":0},{"name":"upperbody","scale":1,"frame":[{"transform":{"scX":1,"x":-31.25,"scY":1,"skY":-22.54,"y":-58.4,"pX":0,"pY":0,"skX":-22.54},"z":8,"duration":3}],"offset":0},{"name":"outerleg_upper","scale":1,"frame":[{"transform":{"scX":1,"x":-8.55,"scY":1,"skY":38.59,"y":14.15,"pX":0.1,"pY":0,"skX":38.59},"z":9,"duration":3}],"offset":0},{"name":"outerleg_lower","scale":1,"frame":[{"transform":{"scX":1,"x":-111.2,"scY":1,"skY":-46.14,"y":64.95,"pX":0.05,"pY":0,"skX":-46.14},"z":10,"duration":3}],"offset":0},{"name":"outerleg_foot","scale":1,"frame":[{"transform":{"scX":1,"x":-47.5,"scY":1,"skY":-67.2,"y":105.25,"pX":0,"pY":0.05,"skX":-67.2},"z":11,"duration":3}],"offset":0},{"name":"lowerbody","scale":1,"frame":[{"transform":{"scX":1,"x":-1.1,"scY":1,"skY":-14.78,"y":-3.25,"pX":0,"pY":0.1,"skX":-14.78},"z":12,"duration":3}],"offset":0},{"name":"outerarm_hand","scale":1,"frame":[{"transform":{"scX":1,"x":99.55,"scY":1,"skY":-84.98,"y":-51.45,"pX":0.05,"pY":0.1,"skX":-84.99},"z":16,"duration":3}],"offset":0},{"name":"outerarm_lower","scale":1,"frame":[{"transform":{"scX":1,"x":56.1,"scY":1,"skY":-69.96,"y":-94.5,"pX":0.05,"pY":-0.05,"skX":-69.96},"z":17,"duration":3}],"offset":0},{"name":"outerarm_upper","scale":1,"frame":[{"transform":{"scX":1,"x":-23.7,"scY":1,"skY":-58.68,"y":-130.45,"pX":-0.05,"pY":0.05,"skX":-58.68},"z":18,"duration":3}],"offset":0}]},{"name":"fall","scale":1,"loop":1,"tweenEasing":null,"duration":3,"fadeInTime":0.3,"timeline":[{"name":"innerarm_hand","scale":1,"frame":[{"transform":{"scX":1,"x":-48.75,"scY":1,"skY":-14.78,"y":-65.2,"pX":0.1,"pY":0,"skX":-14.78},"z":0,"duration":3}],"offset":0},{"name":"innerarm_lower","scale":1,"frame":[{"transform":{"scX":1,"x":-4.4,"scY":1,"skY":-24.05,"y":-113.05,"pX":0,"pY":0.1,"skX":-24.05},"z":1,"duration":3}],"offset":0},{"name":"innerarm_upper","scale":1,"frame":[{"transform":{"scX":1,"x":-56.05,"scY":1,"skY":-95.26,"y":-137.4,"pX":0.05,"pY":0.05,"skX":-95.26},"z":2,"duration":3}],"offset":0},{"name":"innerweapon","scale":1,"frame":[{"transform":{"scX":1,"x":-61.8,"scY":1,"skY":-100.52,"y":-55.5,"pX":-0.1,"pY":-0.05,"skX":-100.52},"z":3,"duration":3}],"offset":0},{"name":"innerleg_upper","scale":1,"frame":[{"transform":{"scX":1,"x":-10.15,"scY":1,"skY":57.68,"y":3.55,"pX":-0.05,"pY":-0.1,"skX":57.68},"z":4,"duration":3}],"offset":0},{"name":"innerleg_lower","scale":1,"frame":[{"transform":{"scX":1,"x":-94.75,"scY":1,"skY":-39.1,"y":84.8,"pX":0.05,"pY":-0.05,"skX":-37.35},"z":5,"duration":3}],"offset":0},{"name":"innerleg_foot","scale":1,"frame":[{"transform":{"scX":1,"x":-37.15,"scY":1,"skY":-68.96,"y":149.15,"pX":0,"pY":0.05,"skX":-67.21},"z":6,"duration":3}],"offset":0},{"name":"head","scale":1,"frame":[{"transform":{"scX":1,"x":-36,"scY":1,"skY":-7.02,"y":-153,"pX":-0.75,"pY":2.4,"skX":-7.02},"z":7,"duration":3}],"offset":0},{"name":"upperbody","scale":1,"frame":[{"transform":{"scX":1,"x":-19.15,"scY":1,"skY":-22.54,"y":-68.4,"pX":0,"pY":0,"skX":-22.54},"z":8,"duration":3}],"offset":0},{"name":"outerleg_upper","scale":1,"frame":[{"transform":{"scX":1,"x":-0.1,"scY":1,"skY":-23.3,"y":0,"pX":-0.05,"pY":-0.05,"skX":-23.3},"z":9,"duration":3}],"offset":0},{"name":"outerleg_lower","scale":1,"frame":[{"transform":{"scX":1,"x":-13.2,"scY":1,"skY":-1.01,"y":126.3,"pX":0,"pY":0.05,"skX":-1.02},"z":10,"duration":3}],"offset":0},{"name":"outerleg_foot","scale":1,"frame":[{"transform":{"scX":1,"x":3.7,"scY":1,"skY":-22.04,"y":201.5,"pX":0,"pY":0.05,"skX":-22.04},"z":11,"duration":3}],"offset":0},{"name":"lowerbody","scale":1,"frame":[{"transform":{"scX":1,"x":-0.75,"scY":1,"skY":-5,"y":-3.1,"pX":0,"pY":0,"skX":-5.01},"z":12,"duration":3}],"offset":0},{"name":"outerarm_hand","scale":1,"frame":[{"transform":{"scX":1,"x":111.65,"scY":1,"skY":-84.98,"y":-61.45,"pX":0.05,"pY":0.05,"skX":-84.99},"z":16,"duration":3}],"offset":0},{"name":"outerarm_lower","scale":1,"frame":[{"transform":{"scX":1,"x":68.15,"scY":1,"skY":-69.96,"y":-104.35,"pX":0.1,"pY":-0.05,"skX":-69.96},"z":17,"duration":3}],"offset":0},{"name":"outerarm_upper","scale":1,"frame":[{"transform":{"scX":1,"x":-11.65,"scY":1,"skY":-58.68,"y":-140.45,"pX":0,"pY":0,"skX":-58.68},"z":18,"duration":3}],"offset":0}]},{"name":"attack","scale":1,"loop":1,"frame":[{"duration":6},{"event":"hitTarget","duration":14},{"action":"ready","duration":1}],"duration":21,"fadeInTime":0.25,"timeline":[{"name":"innerarm_hand","scale":1,"frame":[{"transform":{"scX":1,"x":-108.95,"scY":1,"skY":89.27,"y":-209.2,"pX":0.1,"pY":0.1,"skX":89.27},"z":0,"duration":2},{"z":13,"duration":8,"transform":{"scX":1,"x":-108.95,"scY":1,"skY":89.27,"y":-209.2,"pX":0.1,"pY":0.1,"skX":89.27},"tweenEasing":0},{"transform":{"scX":1,"x":-43,"scY":1,"skY":-153.18,"y":-9.55,"pX":0.15,"pY":0,"skX":-153.18},"z":13,"duration":11}],"offset":0},{"name":"innerarm_lower","scale":1,"frame":[{"transform":{"scX":1,"x":-66.3,"scY":1,"skY":72.22,"y":-159.85,"pX":-0.05,"pY":0,"skX":72.22},"z":1,"duration":2},{"z":14,"duration":8,"transform":{"scX":1,"x":-66.3,"scY":1,"skY":72.22,"y":-159.85,"pX":-0.05,"pY":0,"skX":72.22},"tweenEasing":0},{"transform":{"scX":1,"x":-90.05,"scY":1,"skY":-110.23,"y":-59.6,"pX":0,"pY":-0.05,"skX":-110.22},"z":14,"duration":11}],"offset":0},{"name":"innerarm_upper","scale":1,"frame":[{"transform":{"scX":1,"x":-11.9,"scY":1,"skY":71.23,"y":-131.55,"pX":0.1,"pY":0.05,"skX":71.23},"z":2,"duration":2},{"z":2,"duration":8,"transform":{"scX":1,"x":-11.9,"scY":1,"skY":71.23,"y":-131.55,"pX":0.1,"pY":0.05,"skX":71.23},"tweenEasing":0},{"transform":{"scX":1,"x":-53.75,"scY":1,"skY":-21.22,"y":-118.25,"pX":0.2,"pY":0.1,"skX":-21.22},"z":2,"duration":11}],"offset":0},{"name":"innerweapon","scale":1,"frame":[{"transform":{"scX":1,"x":-114.75,"scY":1,"skY":-135.94,"y":-225.65,"pX":-0.1,"pY":0.05,"skX":-135.94},"z":3,"duration":2},{"z":15,"duration":8,"transform":{"scX":1,"x":-114.75,"scY":1,"skY":-135.94,"y":-225.65,"pX":-0.1,"pY":0.05,"skX":-135.94},"tweenEasing":0},{"transform":{"scX":1,"x":-30.05,"scY":1,"skY":-30.38,"y":-11,"pX":-0.25,"pY":-0.1,"skX":-30.38},"z":15,"duration":11}],"offset":0},{"name":"innerleg_upper","scale":1,"frame":[{"transform":{"scX":1,"x":0.1,"scY":1,"skY":-12.94,"y":-7.55,"pX":-0.2,"pY":-0.1,"skX":-12.94},"z":4,"duration":2},{"z":4,"duration":8,"transform":{"scX":1,"x":0.1,"scY":1,"skY":-12.94,"y":-7.55,"pX":-0.2,"pY":-0.1,"skX":-12.94},"tweenEasing":0},{"transform":{"scX":1,"x":0.1,"scY":1,"skY":-27.94,"y":-7.55,"pX":-0.25,"pY":-0.1,"skX":-27.94},"z":4,"duration":11}],"offset":0},{"name":"innerleg_lower","scale":1,"frame":[{"transform":{"scX":1,"x":27.15,"scY":1,"skY":-10.7,"y":117.05,"pX":-0.05,"pY":-0.1,"skX":-9.19},"z":5,"duration":2},{"z":5,"duration":8,"transform":{"scX":1,"x":27.15,"scY":1,"skY":-10.7,"y":117.05,"pX":-0.05,"pY":-0.1,"skX":-9.19},"tweenEasing":0},{"transform":{"scX":1,"x":79.5,"scY":1,"skY":-40.7,"y":100.4,"pX":0.05,"pY":-0.1,"skX":-39.19},"z":5,"duration":11}],"offset":0},{"name":"innerleg_foot","scale":1,"frame":[{"transform":{"scX":1,"x":50.9,"scY":1,"skY":-1.51,"y":199.2,"pX":0,"pY":0,"skX":0},"z":6,"duration":2},{"z":6,"duration":8,"transform":{"scX":1,"x":50.9,"scY":1,"skY":-1.51,"y":199.2,"pX":0,"pY":0,"skX":0},"tweenEasing":0},{"transform":{"scX":1,"x":141.15,"scY":1,"skY":-16.51,"y":159.75,"pX":0.05,"pY":0,"skX":-15},"z":6,"duration":11}],"offset":0},{"name":"head","scale":1,"frame":[{"transform":{"scX":1,"x":7,"scY":1,"skY":0.01,"y":-146,"pX":-1.55,"pY":-2.1,"skX":0.01},"z":7,"duration":2},{"z":7,"duration":8,"transform":{"scX":1,"x":7,"scY":1,"skY":0.01,"y":-147,"pX":-1.55,"pY":-1.1,"skX":0.01},"tweenEasing":0},{"transform":{"scX":1,"x":-36.1,"scY":1,"skY":-17.43,"y":-140,"pX":-2.5,"pY":-3.35,"skX":-17.44},"z":7,"duration":11}],"offset":0},{"name":"upperbody","scale":1,"frame":[{"transform":{"scX":1,"x":-14.05,"scY":1,"skY":2.76,"y":-59.8,"pX":0.05,"pY":0.05,"skX":2.77},"z":8,"duration":2},{"z":8,"duration":8,"transform":{"scX":1,"x":-14.05,"scY":1,"skY":2.76,"y":-59.8,"pX":0.05,"pY":0.05,"skX":2.77},"tweenEasing":0},{"transform":{"scX":1,"x":-31.6,"scY":1,"skY":-14.68,"y":-52.35,"pX":0.1,"pY":0.1,"skX":-14.68},"z":8,"duration":11}],"offset":0},{"name":"outerleg_upper","scale":1,"frame":[{"transform":{"scX":1,"x":-8.6,"scY":1,"skY":-6.66,"y":2.1,"pX":0.1,"pY":0,"skX":-6.67},"z":9,"duration":2},{"z":9,"duration":8,"transform":{"scX":1,"x":-8.6,"scY":1,"skY":-6.66,"y":2.1,"pX":0.1,"pY":0,"skX":-6.67},"tweenEasing":0},{"transform":{"scX":1,"x":-8.6,"scY":1,"skY":14.05,"y":2.1,"pX":0.1,"pY":0.05,"skX":14.05},"z":9,"duration":11}],"offset":0},{"name":"outerleg_lower","scale":1,"frame":[{"transform":{"scX":1,"x":-60.85,"scY":1,"skY":24.32,"y":117.45,"pX":0.05,"pY":0,"skX":24.32},"z":10,"duration":2},{"z":10,"duration":8,"transform":{"scX":1,"x":-60.85,"scY":1,"skY":24.32,"y":117.45,"pX":0.05,"pY":0,"skX":24.32},"tweenEasing":0},{"transform":{"scX":1,"x":-79.85,"scY":1,"skY":-20.68,"y":93.55,"pX":0.15,"pY":-0.05,"skX":-20.68},"z":10,"duration":11}],"offset":0},{"name":"outerleg_foot","scale":1,"frame":[{"transform":{"scX":1,"x":-77.9,"scY":1,"skY":6.3,"y":194.95,"pX":0.05,"pY":0.05,"skX":6.3},"z":11,"duration":2},{"z":11,"duration":8,"transform":{"scX":1,"x":-77.9,"scY":1,"skY":6.3,"y":194.95,"pX":0.05,"pY":0.05,"skX":6.3},"tweenEasing":0},{"transform":{"scX":1,"x":-26.75,"scY":1,"skY":6.3,"y":166.8,"pX":0.05,"pY":0,"skX":6.3},"z":11,"duration":11}],"offset":0},{"name":"lowerbody","scale":1,"frame":[{"transform":{"scX":1,"x":1.55,"scY":1,"skY":0,"y":0.95,"pX":0,"pY":0,"skX":0},"z":12,"duration":2},{"z":12,"duration":8,"transform":{"scX":1,"x":1.55,"scY":1,"skY":0,"y":0.95,"pX":0,"pY":0,"skX":0},"tweenEasing":0},{"transform":{"scX":1,"x":1.55,"scY":1,"skY":-17.45,"y":0.95,"pX":-0.05,"pY":0,"skX":-17.45},"z":12,"duration":11}],"offset":0},{"name":"outerarm_hand","scale":1,"frame":[{"transform":{"scX":1,"x":39.7,"scY":1,"skY":-16.77,"y":12.9,"pX":0.05,"pY":0.05,"skX":-16.77},"z":16,"duration":2},{"z":16,"duration":8,"transform":{"scX":1,"x":39.7,"scY":1,"skY":-16.77,"y":12.9,"pX":0.05,"pY":0.05,"skX":-16.77},"tweenEasing":0},{"transform":{"scX":1,"x":64.95,"scY":1,"skY":-16.77,"y":-45.6,"pX":0,"pY":0,"skX":-16.77},"z":16,"duration":11}],"offset":0},{"name":"outerarm_lower","scale":1,"frame":[{"transform":{"scX":1,"x":46.6,"scY":1,"skY":-16.77,"y":-54,"pX":0.15,"pY":0,"skX":-16.77},"z":17,"duration":2},{"z":17,"duration":8,"transform":{"scX":1,"x":46.6,"scY":1,"skY":-16.77,"y":-54,"pX":0.15,"pY":0,"skX":-16.77},"tweenEasing":0},{"transform":{"scX":1,"x":48.9,"scY":1,"skY":-34.22,"y":-107.95,"pX":0.15,"pY":0,"skX":-34.22},"z":17,"duration":11}],"offset":0},{"name":"outerarm_upper","scale":1,"frame":[{"transform":{"scX":1,"x":16.4,"scY":1,"skY":-11.01,"y":-133.9,"pX":0,"pY":0,"skX":-11.01},"z":18,"duration":2},{"z":18,"duration":8,"transform":{"scX":1,"x":16.4,"scY":1,"skY":-11.01,"y":-133.9,"pX":0,"pY":0,"skX":-11.01},"tweenEasing":0},{"transform":{"scX":1,"x":-24.75,"scY":1,"skY":-73.46,"y":-132.2,"pX":-0.1,"pY":0,"skX":-73.46},"z":18,"duration":11}],"offset":0}],"tweenEasing":null},{"name":"hit","scale":1,"loop":1,"frame":[{"duration":7},{"action":"ready","duration":1}],"duration":8,"fadeInTime":0.3,"timeline":[{"name":"innerarm_hand","scale":1,"frame":[{"z":0,"duration":8,"transform":{"scX":1,"x":-16.35,"scY":1,"skY":3.46,"y":-47.25,"pX":0.05,"pY":-0.05,"skX":3.46},"colorTransform":{"aM":100,"rO":255,"bO":0,"aO":0,"gO":0,"bM":0,"gM":0,"rM":100}}],"offset":0},{"name":"innerarm_lower","scale":1,"frame":[{"z":1,"duration":8,"transform":{"scX":1,"x":40.85,"scY":1,"skY":-5.82,"y":-78.65,"pX":-0.1,"pY":0.1,"skX":-5.82},"colorTransform":{"aM":100,"rO":255,"bO":0,"aO":0,"gO":0,"bM":0,"gM":0,"rM":100}}],"offset":0},{"name":"innerarm_upper","scale":1,"frame":[{"z":2,"duration":8,"transform":{"scX":1,"x":76.05,"scY":1,"skY":-11.59,"y":-128.5,"pX":0.05,"pY":0,"skX":-11.59},"colorTransform":{"aM":100,"rO":255,"bO":0,"aO":0,"gO":0,"bM":0,"gM":0,"rM":100}}],"offset":0},{"name":"innerweapon","scale":1,"frame":[{"z":3,"duration":8,"transform":{"scX":1,"x":-32.2,"scY":1,"skY":-22.25,"y":-41.1,"pX":0,"pY":0,"skX":-22.24},"colorTransform":{"aM":100,"rO":255,"bO":0,"aO":0,"gO":0,"bM":0,"gM":0,"rM":100}}],"offset":0},{"name":"innerleg_upper","scale":1,"frame":[{"z":4,"duration":8,"transform":{"scX":1,"x":54.75,"scY":1,"skY":12.01,"y":-17.3,"pX":0,"pY":-0.05,"skX":12.01},"colorTransform":{"aM":100,"rO":255,"bO":0,"aO":0,"gO":0,"bM":0,"gM":0,"rM":100}}],"offset":0},{"name":"innerleg_lower","scale":1,"frame":[{"z":5,"duration":8,"transform":{"scX":1,"x":35.7,"scY":1,"skY":4.76,"y":112.45,"pX":0.05,"pY":-0.1,"skX":6.27},"colorTransform":{"aM":100,"rO":255,"bO":0,"aO":0,"gO":0,"bM":0,"gM":0,"rM":100}}],"offset":0},{"name":"innerleg_foot","scale":1,"frame":[{"z":6,"duration":8,"transform":{"scX":1,"x":34.1,"scY":1,"skY":-1.51,"y":189.45,"pX":0.05,"pY":0,"skX":0},"colorTransform":{"aM":100,"rO":255,"bO":0,"aO":0,"gO":0,"bM":0,"gM":0,"rM":100}}],"offset":0},{"name":"head","scale":1,"frame":[{"z":7,"duration":8,"transform":{"scX":1,"x":103,"scY":1,"skY":63.24,"y":-135,"pX":-0.8,"pY":4.3,"skX":63.24},"colorTransform":{"aM":100,"rO":255,"bO":0,"aO":0,"gO":0,"bM":0,"gM":0,"rM":100}}],"offset":0},{"name":"upperbody","scale":1,"frame":[{"z":8,"duration":8,"transform":{"scX":1,"x":60.4,"scY":1,"skY":18.24,"y":-67,"pX":0.05,"pY":0,"skX":18.24},"colorTransform":{"aM":100,"rO":255,"bO":0,"aO":0,"gO":0,"bM":0,"gM":0,"rM":100}}],"offset":0},{"name":"outerleg_upper","scale":1,"frame":[{"z":9,"duration":8,"transform":{"scX":1,"x":53.1,"scY":1,"skY":-17.92,"y":-14.15,"pX":0.05,"pY":-0.05,"skX":-17.92},"colorTransform":{"aM":100,"rO":255,"bO":0,"aO":0,"gO":0,"bM":0,"gM":0,"rM":100}}],"offset":0},{"name":"outerleg_lower","scale":1,"frame":[{"z":10,"duration":8,"transform":{"scX":1,"x":17.1,"scY":1,"skY":35.5,"y":108.9,"pX":0,"pY":0.1,"skX":35.5},"colorTransform":{"aM":100,"rO":255,"bO":0,"aO":0,"gO":0,"bM":0,"gM":0,"rM":100}}],"offset":0},{"name":"outerleg_foot","scale":1,"frame":[{"z":11,"duration":8,"transform":{"scX":1,"x":-15.3,"scY":1,"skY":5.5,"y":181.95,"pX":0,"pY":0.05,"skX":5.5},"colorTransform":{"aM":100,"rO":255,"bO":0,"aO":0,"gO":0,"bM":0,"gM":0,"rM":100}}],"offset":0},{"name":"lowerbody","scale":1,"frame":[{"z":12,"duration":8,"transform":{"scX":1,"x":56.35,"scY":1,"skY":18.24,"y":-4.75,"pX":0.05,"pY":0,"skX":18.24},"colorTransform":{"aM":100,"rO":255,"bO":0,"aO":0,"gO":0,"bM":0,"gM":0,"rM":100}}],"offset":0},{"name":"outerarm_hand","scale":1,"frame":[{"z":16,"duration":8,"transform":{"scX":1,"x":15.15,"scY":1,"skY":15.22,"y":-0.3,"pX":0,"pY":0.1,"skX":15.22},"colorTransform":{"aM":100,"rO":255,"bO":0,"aO":0,"gO":0,"bM":0,"gM":0,"rM":100}}],"offset":0},{"name":"outerarm_lower","scale":1,"frame":[{"z":17,"duration":8,"transform":{"scX":1,"x":71.7,"scY":1,"skY":33.46,"y":-51,"pX":-0.05,"pY":0,"skX":33.45},"colorTransform":{"aM":100,"rO":255,"bO":0,"aO":0,"gO":0,"bM":0,"gM":0,"rM":100}}],"offset":0},{"name":"outerarm_upper","scale":1,"frame":[{"z":18,"duration":8,"transform":{"scX":1,"x":105.9,"scY":1,"skY":33.46,"y":-129.05,"pX":0,"pY":0.1,"skX":33.45},"colorTransform":{"aM":100,"rO":255,"bO":0,"aO":0,"gO":0,"bM":0,"gM":0,"rM":100}}],"offset":0}],"tweenEasing":null}]}]}