{"name":"Warrior","imagePath":"texture.png","SubTexture":[{"name":"warriorFolder/outerarm_upper","x":622,"width":142,"y":260,"height":220},{"name":"warriorFolder/outerarm_lower","x":766,"width":122,"y":452,"height":162},{"name":"warriorFolder/outerarm_hand","x":386,"width":88,"y":308,"height":90},{"name":"warriorFolder/lowerbody","x":488,"width":212,"y":0,"height":252},{"name":"warriorFolder/outerleg_foot","x":212,"width":172,"y":308,"height":120},{"name":"warriorFolder/outerleg_lower","x":488,"width":132,"y":254,"height":250},{"name":"warriorFolder/outerleg_upper","x":80,"width":218,"y":0,"height":284},{"name":"warriorFolder/upperbody","x":702,"width":184,"y":0,"height":258},{"name":"warriorFolder/head","x":80,"width":130,"y":286,"height":192},{"name":"warriorFolder/innerleg_foot","x":212,"width":172,"y":430,"height":116},{"name":"warriorFolder/innerleg_lower","x":888,"width":124,"y":0,"height":262},{"name":"warriorFolder/innerleg_upper","x":300,"width":186,"y":0,"height":306},{"name":"warriorFolder/innerweapon","x":0,"width":78,"y":0,"height":666},{"name":"warriorFolder/innerarm_upper","x":862,"width":150,"y":264,"height":186},{"name":"warriorFolder/innerarm_lower","x":386,"width":160,"y":506,"height":114},{"name":"warriorFolder/innerarm_hand","x":766,"width":94,"y":260,"height":84}]}