{"imagePath":"texture.png","name":"Warrior","SubTexture":[{"name":"warriorFolder/outerarm_upper","width":71,"x":312,"y":130,"height":110},{"name":"warriorFolder/outerarm_lower","width":61,"x":385,"y":227,"height":81},{"name":"warriorFolder/outerarm_hand","width":44,"x":193,"y":155,"height":45},{"name":"warriorFolder/lowerbody","width":106,"x":244,"y":0,"height":126},{"name":"warriorFolder/outerleg_foot","width":86,"x":106,"y":155,"height":60},{"name":"warriorFolder/outerleg_lower","width":66,"x":244,"y":127,"height":125},{"name":"warriorFolder/outerleg_upper","width":109,"x":40,"y":0,"height":142},{"name":"warriorFolder/upperbody","width":92,"x":351,"y":0,"height":129},{"name":"warriorFolder/head","width":65,"x":40,"y":144,"height":96},{"name":"warriorFolder/innerleg_foot","width":86,"x":106,"y":216,"height":58},{"name":"warriorFolder/innerleg_lower","width":62,"x":444,"y":0,"height":131},{"name":"warriorFolder/innerleg_upper","width":93,"x":150,"y":0,"height":153},{"name":"warriorFolder/innerweapon","width":39,"x":0,"y":0,"height":333},{"name":"warriorFolder/innerarm_upper","width":75,"x":433,"y":132,"height":93},{"name":"warriorFolder/innerarm_lower","width":80,"x":193,"y":253,"height":57},{"name":"warriorFolder/innerarm_hand","width":47,"x":385,"y":130,"height":42}]}