{"imagePath":"texture.png","name":"Warrior","SubTexture":[{"name":"warriorFolder/outerarm_upper","width":22,"x":78,"y":81,"height":33},{"name":"warriorFolder/outerarm_lower","width":19,"x":57,"y":79,"height":25},{"name":"warriorFolder/outerarm_hand","width":14,"x":109,"y":55,"height":14},{"name":"warriorFolder/lowerbody","width":32,"x":79,"y":0,"height":38},{"name":"warriorFolder/outerleg_foot","width":26,"x":42,"y":106,"height":18},{"name":"warriorFolder/outerleg_lower","width":20,"x":35,"y":48,"height":38},{"name":"warriorFolder/outerleg_upper","width":33,"x":14,"y":0,"height":43},{"name":"warriorFolder/upperbody","width":28,"x":79,"y":40,"height":39},{"name":"warriorFolder/head","width":20,"x":57,"y":48,"height":29},{"name":"warriorFolder/innerleg_foot","width":26,"x":14,"y":88,"height":18},{"name":"warriorFolder/innerleg_lower","width":19,"x":14,"y":45,"height":40},{"name":"warriorFolder/innerleg_upper","width":28,"x":49,"y":0,"height":46},{"name":"warriorFolder/innerweapon","width":12,"x":0,"y":0,"height":100},{"name":"warriorFolder/innerarm_upper","width":23,"x":102,"y":81,"height":28},{"name":"warriorFolder/innerarm_lower","width":24,"x":0,"y":108,"height":18},{"name":"warriorFolder/innerarm_hand","width":15,"x":109,"y":40,"height":13}]}