{"SubTexture":[{"y":130,"height":110,"x":312,"name":"warriorFolder/outerarm_upper","width":71},{"y":227,"height":81,"x":385,"name":"warriorFolder/outerarm_lower","width":61},{"y":155,"height":45,"x":193,"name":"warriorFolder/outerarm_hand","width":44},{"y":0,"height":126,"x":244,"name":"warriorFolder/lowerbody","width":106},{"y":155,"height":60,"x":106,"name":"warriorFolder/outerleg_foot","width":86},{"y":127,"height":125,"x":244,"name":"warriorFolder/outerleg_lower","width":66},{"y":0,"height":142,"x":40,"name":"warriorFolder/outerleg_upper","width":109},{"y":0,"height":129,"x":351,"name":"warriorFolder/upperbody","width":92},{"y":144,"height":96,"x":40,"name":"warriorFolder/head","width":65},{"y":216,"height":58,"x":106,"name":"warriorFolder/innerleg_foot","width":86},{"y":0,"height":131,"x":444,"name":"warriorFolder/innerleg_lower","width":62},{"y":0,"height":153,"x":150,"name":"warriorFolder/innerleg_upper","width":93},{"y":0,"height":333,"x":0,"name":"warriorFolder/innerweapon","width":39},{"y":132,"height":93,"x":433,"name":"warriorFolder/innerarm_upper","width":75},{"y":253,"height":57,"x":193,"name":"warriorFolder/innerarm_lower","width":80},{"y":130,"height":42,"x":385,"name":"warriorFolder/innerarm_hand","width":47}],"imagePath":"texture.png","name":"Warrior"}