{"imagePath":"texture.png","name":"Warrior","SubTexture":[{"name":"warriorFolder/outerarm_upper","width":36,"x":196,"y":67,"height":55},{"name":"warriorFolder/outerarm_lower","width":31,"x":22,"y":122,"height":41},{"name":"warriorFolder/outerarm_hand","width":22,"x":231,"y":0,"height":23},{"name":"warriorFolder/lowerbody","width":53,"x":128,"y":0,"height":63},{"name":"warriorFolder/outerleg_foot","width":43,"x":196,"y":124,"height":30},{"name":"warriorFolder/outerleg_lower","width":33,"x":161,"y":67,"height":63},{"name":"warriorFolder/outerleg_upper","width":55,"x":22,"y":0,"height":71},{"name":"warriorFolder/upperbody","width":46,"x":183,"y":0,"height":65},{"name":"warriorFolder/head","width":33,"x":62,"y":79,"height":48},{"name":"warriorFolder/innerleg_foot","width":43,"x":55,"y":129,"height":29},{"name":"warriorFolder/innerleg_lower","width":31,"x":128,"y":65,"height":66},{"name":"warriorFolder/innerleg_upper","width":47,"x":79,"y":0,"height":77},{"name":"warriorFolder/innerweapon","width":20,"x":0,"y":0,"height":167},{"name":"warriorFolder/innerarm_upper","width":38,"x":22,"y":73,"height":47},{"name":"warriorFolder/innerarm_lower","width":40,"x":100,"y":133,"height":29},{"name":"warriorFolder/innerarm_hand","width":24,"x":97,"y":79,"height":21}]}