{"frameRate":30,"name":"Motorcycle","version":2.3,"armature":[{"skin":[{"name":0,"slot":[{"name":"armui","z":0,"display":[{"transform":{"pY":5.85,"scY":1,"x":0,"y":0,"pX":10.8,"scX":1,"skY":0,"skX":0},"name":"MovieClip/armu","type":"image"}],"parent":"armui"},{"name":"armfi","z":1,"display":[{"transform":{"pY":4.55,"scY":1,"x":0,"y":0,"pX":0,"scX":1,"skY":0,"skX":0},"name":"MovieClip/armf","type":"image"}],"parent":"armfi"},{"name":"moto","z":2,"display":[{"transform":{"scY":1,"scX":1,"x":0,"skY":0,"skX":0,"y":0},"name":"motorcycle","type":"armature"}],"parent":"moto"},{"name":"body","z":3,"display":[{"transform":{"pY":70.4,"scY":1,"x":0,"y":0,"pX":22.15,"scX":1,"skY":0,"skX":0},"name":"MovieClip/body","type":"image"}],"parent":"body"},{"name":"legu","z":4,"display":[{"transform":{"pY":2.5,"scY":1,"x":0,"y":0,"pX":6,"scX":1,"skY":0,"skX":0},"name":"MovieClip/legu","type":"image"}],"parent":"legu"},{"name":"legf","z":5,"display":[{"transform":{"pY":3.1,"scY":1,"x":0,"y":0,"pX":-1.5,"scX":1,"skY":0,"skX":0},"name":"MovieClip/legf","type":"image"}],"parent":"legf"},{"name":"head","z":6,"display":[{"transform":{"pY":24.75,"scY":1,"x":0,"y":0,"pX":16.75,"scX":1,"skY":0,"skX":0},"name":"MovieClip/head","type":"image"}],"parent":"head"},{"name":"armuo","z":7,"display":[{"transform":{"pY":5.85,"scY":1,"x":0,"y":0,"pX":10.8,"scX":1,"skY":0,"skX":0},"name":"MovieClip/armu","type":"image"}],"parent":"armuo"},{"name":"armfo","z":8,"display":[{"transform":{"pY":4.55,"scY":1,"x":0,"y":0,"pX":0,"scX":1,"skY":0,"skX":0},"name":"MovieClip/armf","type":"image"}],"parent":"armfo"}]}],"bone":[{"transform":{"scY":1,"scX":1,"x":-21.25,"skY":-3.28,"skX":-3.28,"y":-77.1},"name":"armfo","parent":"armuo"},{"transform":{"scY":1,"scX":1,"x":-26.3,"skY":-6.23,"skX":-6.23,"y":-107.85},"name":"armuo","parent":"body"},{"transform":{"scY":1,"scX":1,"x":-8.2,"skY":-0.44,"skX":-0.44,"y":-114.15},"name":"head","parent":"body"},{"transform":{"scY":1,"scX":1,"x":-16.05,"skY":47.11,"skX":47.11,"y":-31.15},"name":"legf","parent":"legu"},{"transform":{"scY":1,"scX":1,"x":-49.9,"skY":32.29,"skX":32.29,"y":-69.2},"name":"legu","parent":"body"},{"transform":{"scY":1,"scX":1,"x":-48.1,"skY":30.83,"skX":30.83,"y":-59.85},"name":"body","parent":"moto"},{"transform":{"scY":1,"scX":1,"x":0,"skY":0,"skX":0,"y":0},"name":"moto"},{"transform":{"scY":1,"scX":1,"x":-8.5,"skY":17.09,"skX":17.09,"y":-89.15},"name":"armfi","parent":"armui"},{"transform":{"scY":1,"scX":1,"x":-13.95,"skY":-4.25,"skX":-4.25,"y":-114.5},"name":"armui","parent":"body"}],"name":"motorcycleMan","animation":[{"name":"stay","scale":1,"loop":0,"timeline":[{"name":"armui","scale":1,"frame":[{"transform":{"pY":0,"scY":1,"x":-13.95,"y":-114.5,"pX":0,"scX":1,"skY":-4.25,"skX":-4.25},"z":0,"duration":2},{"transform":{"pY":0,"scY":1,"x":-13.95,"y":-112,"pX":0,"scX":1,"skY":-4.25,"skX":-4.25},"z":0,"duration":3}],"offset":0},{"name":"armfi","scale":1,"frame":[{"transform":{"pY":0,"scY":1,"x":-8.5,"y":-89.15,"pX":0,"scX":1,"skY":17.09,"skX":17.09},"z":1,"duration":2},{"transform":{"pY":0,"scY":1,"x":-8.5,"y":-86.65,"pX":0,"scX":1,"skY":17.09,"skX":17.09},"z":1,"duration":3}],"offset":0},{"name":"moto","scale":1,"frame":[{"transform":{"pY":0,"scY":1,"x":0,"y":0,"pX":0,"scX":1,"skY":0,"skX":0},"z":2,"duration":5}],"offset":0},{"name":"body","scale":1,"frame":[{"transform":{"pY":0,"scY":1,"x":-48.1,"y":-59.85,"pX":0,"scX":1,"skY":30.83,"skX":30.83},"z":3,"duration":2},{"transform":{"pY":0,"scY":1,"x":-48.1,"y":-57.35,"pX":0,"scX":1,"skY":30.83,"skX":30.83},"z":3,"duration":3}],"offset":0.1},{"name":"legu","scale":1,"frame":[{"transform":{"pY":0,"scY":1,"x":-49.9,"y":-69.2,"pX":0,"scX":1,"skY":32.29,"skX":32.29},"z":4,"duration":2},{"transform":{"pY":0,"scY":1,"x":-49.9,"y":-66.7,"pX":0,"scX":1,"skY":32.29,"skX":32.29},"z":4,"duration":3}],"offset":0},{"name":"legf","scale":1,"frame":[{"transform":{"pY":0,"scY":1,"x":-16.05,"y":-31.15,"pX":0,"scX":1,"skY":47.11,"skX":47.11},"z":5,"duration":2},{"transform":{"pY":0,"scY":1,"x":-16.05,"y":-28.65,"pX":0,"scX":1,"skY":47.11,"skX":47.11},"z":5,"duration":3}],"offset":0},{"name":"head","scale":10,"frame":[{"transform":{"pY":0,"scY":1,"x":-8.2,"y":-114.15,"pX":0,"scX":1,"skY":-0.44,"skX":-0.44},"z":6,"duration":2},{"transform":{"pY":0,"scY":1,"x":-8.2,"y":-111.65,"pX":0,"scX":1,"skY":3.26,"skX":3.26},"z":6,"duration":3}],"offset":0},{"name":"armuo","scale":1,"frame":[{"transform":{"pY":0,"scY":1,"x":-26.3,"y":-107.85,"pX":0,"scX":1,"skY":-6.23,"skX":-6.23},"z":7,"duration":2},{"transform":{"pY":0,"scY":1,"x":-26.3,"y":-105.35,"pX":0,"scX":1,"skY":-6.23,"skX":-6.23},"z":7,"duration":3}],"offset":0},{"name":"armfo","scale":1,"frame":[{"transform":{"pY":0,"scY":1,"x":-21.25,"y":-77.1,"pX":0,"scX":1,"skY":-3.28,"skX":-3.28},"z":8,"duration":2},{"transform":{"pY":0,"scY":1,"x":-21.25,"y":-74.6,"pX":0,"scX":1,"skY":-3.28,"skX":-3.28},"z":8,"duration":3}],"offset":0}],"fadeInTime":0.333,"duration":5,"tweenEasing":null},{"name":"left","scale":0,"loop":1,"timeline":[{"name":"armui","scale":1,"frame":[{"transform":{"pY":0,"scY":0.99,"x":-117.65,"y":-95.65,"pX":0,"scX":0.99,"skY":-86.57,"skX":-86.57},"z":0,"duration":1}],"offset":0},{"name":"armfi","scale":1,"frame":[{"transform":{"pY":0,"scY":1,"x":-94.15,"y":-102.65,"pX":0,"scX":1,"skY":-34.81,"skX":-34.81},"z":1,"duration":1}],"offset":0},{"name":"moto","scale":1,"frame":[{"transform":{"pY":0,"scY":1,"x":-33.6,"y":-45.25,"pX":0,"scX":1,"skY":-36.5,"skX":-36.5},"z":2,"duration":1}],"offset":0},{"name":"body","scale":1,"frame":[{"transform":{"pY":0,"scY":0.99,"x":-132.4,"y":-40.8,"pX":0,"scX":0.99,"skY":16.06,"skX":16.06},"z":3,"duration":1}],"offset":0},{"name":"legu","scale":1,"frame":[{"transform":{"pY":0,"scY":0.99,"x":-139.25,"y":-43.35,"pX":0,"scX":0.99,"skY":-15.57,"skX":-15.57},"z":4,"duration":1}],"offset":0},{"name":"legf","scale":1,"frame":[{"transform":{"pY":0,"scY":1,"x":-86.85,"y":-41.6,"pX":0,"scX":1,"skY":-23.25,"skX":-23.25},"z":5,"duration":1}],"offset":0},{"name":"head","scale":1,"frame":[{"transform":{"pY":0,"scY":1,"x":-107.75,"y":-108,"pX":0,"scX":1,"skY":-24.15,"skX":-24.15},"z":6,"duration":1}],"offset":0},{"name":"armuo","scale":1,"frame":[{"transform":{"pY":0,"scY":0.99,"x":-119.45,"y":-92.45,"pX":0,"scX":0.99,"skY":-87.97,"skX":-87.97},"z":7,"duration":1}],"offset":0},{"name":"armfo","scale":1,"frame":[{"transform":{"pY":0,"scY":1,"x":-94.35,"y":-99.1,"pX":0,"scX":1,"skY":-35.22,"skX":-35.22},"z":8,"duration":1}],"offset":0}],"fadeInTime":0.333,"duration":1,"tweenEasing":null},{"name":"right","scale":0,"loop":1,"timeline":[{"name":"armui","scale":1,"frame":[{"transform":{"pY":0,"scY":0.99,"x":155.6,"y":-119.8,"pX":0,"scX":0.99,"skY":134.32,"skX":134.32},"z":0,"duration":1}],"offset":0},{"name":"armfi","scale":1,"frame":[{"transform":{"pY":0,"scY":0.99,"x":135.15,"y":-140.55,"pX":0,"scX":0.99,"skY":108.43,"skX":108.43},"z":1,"duration":1}],"offset":0},{"name":"moto","scale":1,"frame":[{"transform":{"pY":0,"scY":1,"x":50.25,"y":-68.35,"pX":0,"scX":1,"skY":45,"skX":45},"z":2,"duration":1}],"offset":0},{"name":"body","scale":1,"frame":[{"transform":{"pY":0,"scY":0.99,"x":102.5,"y":-111,"pX":0,"scX":0.99,"skY":86.74,"skX":86.74},"z":3,"duration":1}],"offset":0},{"name":"legu","scale":1,"frame":[{"transform":{"pY":0,"scY":0.99,"x":115.65,"y":-108.05,"pX":0,"scX":0.99,"skY":134.3,"skX":134.3},"z":4,"duration":1}],"offset":0},{"name":"legf","scale":1,"frame":[{"transform":{"pY":0,"scY":1,"x":65.3,"y":-86.7,"pX":0,"scX":1,"skY":106.86,"skX":106.86},"z":5,"duration":1}],"offset":0},{"name":"head","scale":1,"frame":[{"transform":{"pY":0,"scY":1,"x":168.65,"y":-110.85,"pX":0,"scX":1,"skY":37.08,"skX":37.08},"z":6,"duration":1}],"offset":0},{"name":"armuo","scale":1,"frame":[{"transform":{"pY":0,"scY":0.99,"x":156.3,"y":-120.1,"pX":0,"scX":0.99,"skY":133.94,"skX":133.94},"z":7,"duration":1}],"offset":0},{"name":"armfo","scale":1,"frame":[{"transform":{"pY":0,"scY":0.99,"x":135.7,"y":-142,"pX":0,"scX":0.99,"skY":101.45,"skX":101.45},"z":8,"duration":1}],"offset":0}],"fadeInTime":0.333,"duration":1,"tweenEasing":null}]},{"skin":[{"name":0,"slot":[{"name":"wheelb","z":0,"display":[{"transform":{"pY":35.25,"scY":1,"x":0,"y":0,"pX":35.25,"scX":1,"skY":0,"skX":0},"name":"MovieClip/wheel","type":"image"}],"parent":"wheelb"},{"name":"wheelf","z":1,"display":[{"transform":{"pY":35.25,"scY":1,"x":0,"y":0,"pX":35.25,"scX":1,"skY":0,"skX":0},"name":"MovieClip/wheel","type":"image"}],"parent":"wheelf"},{"name":"springb","z":2,"display":[{"transform":{"pY":38.65,"scY":1,"x":0,"y":0,"pX":10.8,"scX":1,"skY":0,"skX":0},"name":"MovieClip/springb","type":"image"}],"parent":"springb"},{"name":"springf","z":3,"display":[{"transform":{"pY":84.1,"scY":1,"x":0,"y":0,"pX":47.45,"scX":1,"skY":0,"skX":0},"name":"MovieClip/springf","type":"image"}],"parent":"springf"},{"name":"moto","z":4,"display":[{"transform":{"pY":75.95,"scY":1,"x":0,"y":0,"pX":124.9,"scX":1,"skY":0,"skX":0},"name":"MovieClip/moto","type":"image"}],"parent":"moto"}]}],"bone":[{"transform":{"scY":1.1,"scX":1.1,"x":0,"skY":0,"skX":0,"y":0.75},"name":"moto"},{"transform":{"scY":1.1,"scX":1.1,"x":106.35,"skY":0,"skX":0,"y":25.45},"name":"springf","parent":"moto"},{"transform":{"scY":1.1,"scX":1.1,"x":-86.15,"skY":0,"skX":0,"y":28.8},"name":"springb","parent":"moto"},{"transform":{"scY":1.1,"scX":1.1,"x":107.25,"skY":0,"skX":0,"y":26.85},"name":"wheelf","parent":"springf"},{"transform":{"scY":1.1,"scX":1.1,"x":-85.9,"skY":0,"skX":0,"y":26.7},"name":"wheelb","parent":"springb"}],"name":"motorcycle","animation":[{"name":"stay","scale":1,"loop":0,"timeline":[{"name":"wheelb","scale":1,"frame":[{"transform":{"pY":0,"scY":1.1,"x":-85.9,"y":26.7,"pX":0,"scX":1.1,"skY":0,"skX":0},"z":0,"duration":5}],"offset":0},{"name":"wheelf","scale":1,"frame":[{"transform":{"pY":0,"scY":1.1,"x":107.25,"y":26.85,"pX":0,"scX":1.1,"skY":0,"skX":0},"z":1,"duration":5}],"offset":0},{"name":"springb","scale":1,"frame":[{"transform":{"pY":0,"scY":1.1,"x":-86.15,"y":28.8,"pX":0,"scX":1.1,"skY":0,"skX":0},"z":2,"duration":2},{"transform":{"pY":0,"scY":1.1,"x":-86.15,"y":28.8,"pX":0,"scX":1.1,"skY":2.24,"skX":2.24},"z":2,"duration":3}],"offset":0},{"name":"springf","scale":1,"frame":[{"transform":{"pY":0,"scY":1.1,"x":106.35,"y":25.45,"pX":0,"scX":1.1,"skY":0,"skX":0},"z":3,"duration":2},{"transform":{"pY":0,"scY":1.1,"x":106.35,"y":25.45,"pX":0,"scX":1.1,"skY":-1.98,"skX":-1.98},"z":3,"duration":3}],"offset":0},{"name":"moto","scale":1,"frame":[{"transform":{"pY":0,"scY":1.1,"x":0,"y":0.75,"pX":0,"scX":1.1,"skY":0,"skX":0},"z":4,"duration":2},{"transform":{"pY":0,"scY":1.1,"x":0,"y":3.25,"pX":0,"scX":1.1,"skY":0,"skX":0},"z":4,"duration":3}],"offset":0}],"fadeInTime":0.333,"duration":5,"tweenEasing":null},{"name":"left","scale":0.7,"loop":0,"timeline":[{"name":"wheelb","scale":1,"frame":[{"tweenRotate":-2,"z":0,"transform":{"pY":0,"scY":1.1,"x":-85.9,"y":26.7,"pX":0,"scX":1.1,"skY":0,"skX":0},"duration":19,"tweenEasing":0},{"transform":{"pY":0,"scY":1.1,"x":-85.9,"y":26.7,"pX":0,"scX":1.1,"skY":0,"skX":0},"z":0,"duration":1}],"offset":0},{"name":"wheelf","scale":1,"frame":[{"tweenRotate":-2,"z":1,"transform":{"pY":0,"scY":1.1,"x":107.25,"y":26.85,"pX":0,"scX":1.1,"skY":0,"skX":0},"duration":19,"tweenEasing":0},{"transform":{"pY":0,"scY":1.1,"x":107.25,"y":26.85,"pX":0,"scX":1.1,"skY":0,"skX":0},"z":1,"duration":1}],"offset":0},{"name":"springb","scale":1,"frame":[{"transform":{"pY":0,"scY":1.1,"x":-86.15,"y":28.8,"pX":0,"scX":1.1,"skY":2.97,"skX":2.97},"z":2,"duration":20}],"offset":0},{"name":"springf","scale":1,"frame":[{"transform":{"pY":0,"scY":1.1,"x":106.35,"y":25.45,"pX":0,"scX":1.1,"skY":0,"skX":0},"z":3,"duration":20}],"offset":0},{"name":"moto","scale":1,"frame":[{"transform":{"pY":0,"scY":1.1,"x":0,"y":0.75,"pX":0,"scX":1.1,"skY":-2.49,"skX":-2.49},"z":4,"duration":20}],"offset":0}],"fadeInTime":0.2,"duration":20,"tweenEasing":null},{"name":"right","scale":0.67,"loop":0,"timeline":[{"name":"wheelb","scale":1,"frame":[{"tweenRotate":2,"z":0,"transform":{"pY":0,"scY":1.1,"x":-85.9,"y":26.7,"pX":0,"scX":1.1,"skY":0,"skX":0},"duration":20,"tweenEasing":0},{"transform":{"pY":0,"scY":1.1,"x":-85.9,"y":26.7,"pX":0,"scX":1.1,"skY":0,"skX":0},"z":0,"duration":1}],"offset":0},{"name":"wheelf","scale":1,"frame":[{"tweenRotate":2,"z":1,"transform":{"pY":0,"scY":1.1,"x":107.25,"y":26.85,"pX":0,"scX":1.1,"skY":0,"skX":0},"duration":20,"tweenEasing":0},{"transform":{"pY":0,"scY":1.1,"x":107.25,"y":26.85,"pX":0,"scX":1.1,"skY":0,"skX":0},"z":1,"duration":1}],"offset":0},{"name":"springb","scale":1,"frame":[{"transform":{"pY":0,"scY":1.1,"x":-86.15,"y":28.8,"pX":0,"scX":1.1,"skY":6.22,"skX":6.22},"z":2,"duration":21}],"offset":0},{"name":"springf","scale":1,"frame":[{"transform":{"pY":0,"scY":1.1,"x":108.35,"y":29.95,"pX":0,"scX":1.1,"skY":-1.47,"skX":-1.47},"z":3,"duration":21}],"offset":0},{"name":"moto","scale":1,"frame":[{"transform":{"pY":0,"scY":1.1,"x":2.5,"y":6.25,"pX":0,"scX":1.1,"skY":4.69,"skX":4.69},"z":4,"duration":21}],"offset":0}],"fadeInTime":0.2,"duration":21,"tweenEasing":null}]}]}