{"imagePath":"texture.png","name":"Motorcycle","SubTexture":[{"name":"MovieClip/moto","x":0,"width":202,"y":0,"height":121},{"name":"MovieClip/springf","x":0,"width":62,"y":122,"height":92},{"name":"MovieClip/springb","x":163,"width":76,"y":166,"height":49},{"name":"MovieClip/wheel","x":63,"width":71,"y":122,"height":71},{"name":"MovieClip/head","x":135,"width":51,"y":122,"height":41},{"name":"MovieClip/legf","x":203,"width":47,"y":86,"height":61},{"name":"MovieClip/legu","x":0,"width":78,"y":215,"height":30},{"name":"MovieClip/body","x":203,"width":46,"y":0,"height":85},{"name":"MovieClip/armf","x":187,"width":60,"y":148,"height":17},{"name":"MovieClip/armu","x":135,"width":27,"y":165,"height":49}]}