{"frameRate":36,"name":"Knight","version":2.3,"armature":[{"skin":[{"name":0,"slot":[{"name":"horseLegL2","z":0,"display":[{"transform":{"pY":0,"scY":1,"x":0,"y":0,"pX":4,"scX":1,"skY":0,"skX":0},"name":"knightFolder/horseLeg","type":"image"}],"parent":"horseLegL2"},{"name":"horseLegL1","z":1,"display":[{"transform":{"pY":0,"scY":1,"x":0,"y":0,"pX":4,"scX":1,"skY":0,"skX":0},"name":"knightFolder/horseLeg","type":"image"}],"parent":"horseLegL1"},{"name":"horseLegR2","z":2,"display":[{"transform":{"pY":0,"scY":1,"x":0,"y":0,"pX":4,"scX":1,"skY":0,"skX":0},"name":"knightFolder/horseLeg","type":"image"}],"parent":"horseLegR2"},{"name":"horseLegR1","z":3,"display":[{"transform":{"pY":0,"scY":1,"x":0,"y":0,"pX":4,"scX":1,"skY":0,"skX":0},"name":"knightFolder/horseLeg","type":"image"}],"parent":"horseLegR1"},{"name":"horseTail","z":4,"display":[{"transform":{"pY":2,"scY":1,"x":0,"y":0,"pX":6,"scX":1,"skY":0,"skX":0},"name":"knightFolder/horseTail","type":"image"}],"parent":"horseTail"},{"name":"horseHead","z":5,"display":[{"transform":{"scY":1,"scX":1,"x":0,"skY":0,"skX":0,"y":0},"name":"knightFolder/horseHead","type":"armature"}],"parent":"horseHead"},{"name":"horseBody","z":6,"display":[{"transform":{"pY":2,"scY":1,"x":0,"y":0,"pX":20,"scX":1,"skY":0,"skX":0},"name":"knightFolder/horseBody","type":"image"}],"parent":"horseBody"},{"name":"armInside","z":7,"display":[{"transform":{"pY":4,"scY":1,"x":0,"y":0,"pX":2,"scX":1,"skY":0,"skX":0},"name":"knightFolder/arm","type":"image"}],"parent":"armInside"},{"name":"head","z":8,"display":[{"transform":{"pY":37.95,"scY":1,"x":0,"y":0,"pX":22,"scX":1,"skY":0,"skX":0},"name":"knightFolder/head","type":"image"}],"parent":"head"},{"name":"legOutside","z":9,"display":[{"transform":{"pY":0,"scY":1,"x":0,"y":0,"pX":4,"scX":1,"skY":0,"skX":0},"name":"knightFolder/leg","type":"image"}],"parent":"legOutside"},{"name":"body","z":10,"display":[{"transform":{"pY":14,"scY":1,"x":0,"y":0,"pX":7,"scX":1,"skY":0,"skX":0},"name":"knightFolder/body","type":"image"}],"parent":"body"},{"name":"armOutside","z":11,"display":[{"transform":{"scY":1,"scX":1,"x":0,"skY":0,"skX":0,"y":0},"name":"knightFolder/armOutside","type":"armature"}],"parent":"armOutside"}]}],"bone":[{"transform":{"scY":1,"scX":1,"x":-5,"skY":0,"skX":0,"y":-14},"name":"armOutside","parent":"body"},{"transform":{"scY":1,"scX":1,"x":0,"skY":0,"skX":0,"y":-2},"name":"body","parent":"horseBody"},{"transform":{"scY":1,"scX":1,"x":-3,"skY":-45,"skX":-45,"y":-1},"name":"legOutside","parent":"body"},{"transform":{"scY":1,"scX":1,"x":0,"skY":0,"skX":0,"y":-16},"name":"head","parent":"body"},{"transform":{"scY":1,"scX":1,"x":5,"skY":15,"skX":15,"y":-15},"name":"armInside","parent":"body"},{"transform":{"scY":1,"scX":1,"x":0,"skY":0,"skX":0,"y":0},"name":"horseBody"},{"transform":{"scY":1,"scX":1,"x":20,"skY":0,"skX":0,"y":0},"name":"horseHead","parent":"horseBody"},{"transform":{"scY":1,"scX":1,"x":-20,"skY":0,"skX":0,"y":2},"name":"horseTail","parent":"horseBody"},{"transform":{"scY":1,"scX":1,"x":7,"skY":0,"skX":0,"y":16},"name":"horseLegR1","parent":"horseBody"},{"transform":{"scY":1,"scX":1,"x":-14,"skY":0,"skX":0,"y":16},"name":"horseLegR2","parent":"horseBody"},{"transform":{"scY":1,"scX":1,"x":13,"skY":0,"skX":0,"y":16},"name":"horseLegL1","parent":"horseBody"},{"transform":{"scY":1,"scX":1,"x":-8,"skY":0,"skX":0,"y":16},"name":"horseLegL2","parent":"horseBody"}],"name":"knight","animation":[{"name":"stand","scale":15,"loop":0,"timeline":[{"name":"horseLegL2","scale":1,"frame":[{"transform":{"pY":0,"scY":1,"x":-8,"y":16,"pX":0,"scX":1,"skY":0,"skX":0},"z":0,"duration":1},{"transform":{"pY":0,"scY":1,"x":-8,"y":16,"pX":0,"scX":1,"skY":0,"skX":0},"z":0,"duration":1}],"offset":0},{"name":"horseLegL1","scale":1,"frame":[{"transform":{"pY":0,"scY":1,"x":13,"y":16,"pX":0,"scX":1,"skY":0,"skX":0},"z":1,"duration":1},{"transform":{"pY":0,"scY":1,"x":13,"y":16,"pX":0,"scX":1,"skY":0,"skX":0},"z":1,"duration":1}],"offset":0},{"name":"horseLegR2","scale":1,"frame":[{"transform":{"pY":0,"scY":1,"x":-14,"y":16,"pX":0,"scX":1,"skY":0,"skX":0},"z":2,"duration":1},{"transform":{"pY":0,"scY":1,"x":-14,"y":16,"pX":0,"scX":1,"skY":0,"skX":0},"z":2,"duration":1}],"offset":0},{"name":"horseLegR1","scale":1,"frame":[{"transform":{"pY":0,"scY":1,"x":7,"y":16,"pX":0,"scX":1,"skY":0,"skX":0},"z":3,"duration":1},{"transform":{"pY":0,"scY":1,"x":7,"y":16,"pX":0,"scX":1,"skY":0,"skX":0},"z":3,"duration":1}],"offset":0},{"name":"horseTail","scale":1,"frame":[{"transform":{"pY":0,"scY":1,"x":-20,"y":2,"pX":0,"scX":1,"skY":0,"skX":0},"z":4,"duration":1},{"transform":{"pY":0,"scY":1,"x":-20,"y":2.95,"pX":0,"scX":1,"skY":15,"skX":15},"z":4,"duration":1}],"offset":0.8},{"name":"horseHead","scale":1,"frame":[{"transform":{"pY":0,"scY":1,"x":20,"y":0,"pX":0,"scX":1,"skY":0,"skX":0},"z":5,"duration":1},{"transform":{"pY":0,"scY":1,"x":20.1,"y":1,"pX":0,"scX":1,"skY":5,"skX":5},"z":5,"duration":1}],"offset":0.9},{"name":"horseBody","scale":1,"frame":[{"transform":{"pY":0,"scY":1,"x":0,"y":0,"pX":0,"scX":1,"skY":0,"skX":0},"z":6,"duration":1},{"transform":{"pY":0,"scY":1,"x":0,"y":1,"pX":0,"scX":1,"skY":0,"skX":0},"z":6,"duration":1}],"offset":0},{"name":"armInside","scale":1,"frame":[{"transform":{"pY":0,"scY":1,"x":5,"y":-15,"pX":0,"scX":1,"skY":15,"skX":15},"z":7,"duration":1},{"transform":{"pY":0,"scY":1,"x":5,"y":-14,"pX":0,"scX":1,"skY":21,"skX":21},"z":7,"duration":1}],"offset":0.8},{"name":"head","scale":1,"frame":[{"transform":{"pY":0,"scY":1,"x":0,"y":-16,"pX":0,"scX":1,"skY":0,"skX":0},"z":8,"duration":1},{"transform":{"pY":0,"scY":1,"x":0,"y":-14,"pX":0,"scX":1,"skY":8,"skX":8},"z":8,"duration":1}],"offset":0.8},{"name":"legOutside","scale":1,"frame":[{"transform":{"pY":0,"scY":1,"x":-3,"y":-1,"pX":0,"scX":1,"skY":-45,"skX":-45},"z":9,"duration":1},{"transform":{"pY":0,"scY":1,"x":-3,"y":0,"pX":0,"scX":1,"skY":-45,"skX":-45},"z":9,"duration":1}],"offset":0},{"name":"body","scale":1,"frame":[{"transform":{"pY":0,"scY":1,"x":0,"y":-2,"pX":0,"scX":1,"skY":0,"skX":0},"z":10,"duration":1},{"transform":{"pY":0,"scY":1,"x":0,"y":-1,"pX":0,"scX":1,"skY":0,"skX":0},"z":10,"duration":1}],"offset":0},{"name":"armOutside","scale":1,"frame":[{"transform":{"pY":0,"scY":1,"x":-5,"y":-14,"pX":0,"scX":1,"skY":0,"skX":0},"z":11,"duration":1},{"transform":{"pY":0,"scY":1,"x":-5,"y":-13,"pX":0,"scX":1,"skY":6,"skX":6},"z":11,"duration":1}],"offset":0}],"fadeInTime":0.167,"duration":2,"tweenEasing":2},{"name":"run","scale":9,"loop":0,"timeline":[{"name":"horseLegL2","scale":1,"frame":[{"transform":{"pY":0,"scY":1,"x":-4.85,"y":7.2,"pX":0,"scX":1,"skY":64.3,"skX":64.3},"z":0,"duration":1},{"transform":{"pY":0,"scY":1,"x":-8,"y":16,"pX":0,"scX":1,"skY":-45,"skX":-45},"z":0,"duration":1}],"offset":0},{"name":"horseLegL1","scale":1,"frame":[{"transform":{"pY":0,"scY":1,"x":15.75,"y":3.3,"pX":0,"scX":1,"skY":-70.7,"skX":-70.7},"z":1,"duration":1},{"transform":{"pY":0,"scY":1,"x":10.95,"y":17.5,"pX":0,"scX":1,"skY":52,"skX":52},"z":1,"duration":1}],"offset":0},{"name":"horseLegR2","scale":1,"frame":[{"transform":{"pY":0,"scY":1,"x":-10.7,"y":8.35,"pX":0,"scX":1,"skY":64.3,"skX":64.3},"z":2,"duration":1},{"transform":{"pY":0,"scY":1,"x":-15.85,"y":14.2,"pX":0,"scX":1,"skY":-38,"skX":-38},"z":2,"duration":1}],"offset":0.9},{"name":"horseLegR1","scale":1,"frame":[{"transform":{"pY":0,"scY":1,"x":9.9,"y":4.45,"pX":0,"scX":1,"skY":-70.7,"skX":-70.7},"z":3,"duration":1},{"transform":{"pY":0,"scY":1,"x":5,"y":16.75,"pX":0,"scX":1,"skY":52,"skX":52},"z":3,"duration":1}],"offset":0.9},{"name":"horseTail","scale":1,"frame":[{"transform":{"pY":0,"scY":1,"x":-19.25,"y":-4.3,"pX":0,"scX":1,"skY":64.3,"skX":64.3},"z":4,"duration":1},{"transform":{"pY":0,"scY":1,"x":-20.1,"y":-0.45,"pX":0,"scX":1,"skY":0,"skX":0},"z":4,"duration":1}],"offset":0.4},{"name":"horseHead","scale":1,"frame":[{"transform":{"pY":0,"scY":1,"x":19.65,"y":-13.75,"pX":0,"scX":1,"skY":-20,"skX":-20},"z":5,"duration":1},{"transform":{"pY":0,"scY":1,"x":19.85,"y":2.45,"pX":0,"scX":1,"skY":27,"skX":27},"z":5,"duration":1}],"offset":0.8},{"name":"horseBody","scale":1,"frame":[{"transform":{"pY":0,"scY":1,"x":0,"y":-10,"pX":0,"scX":1,"skY":-10.7,"skX":-10.7},"z":6,"duration":1},{"transform":{"pY":0,"scY":1,"x":0,"y":0,"pX":0,"scX":1,"skY":6.99,"skX":6.99},"z":6,"duration":1}],"offset":0.1},{"name":"armInside","scale":1,"frame":[{"transform":{"pY":0,"scY":1,"x":2.65,"y":-25.65,"pX":0,"scX":1,"skY":0,"skX":0},"z":7,"duration":1},{"transform":{"pY":0,"scY":1,"x":7.15,"y":-13.95,"pX":0,"scX":1,"skY":30,"skX":30},"z":7,"duration":1}],"offset":0.8},{"name":"head","scale":1,"frame":[{"transform":{"pY":0,"scY":1,"x":-2.6,"y":-26.75,"pX":0,"scX":1,"skY":-22,"skX":-22},"z":8,"duration":1},{"transform":{"pY":0,"scY":1,"x":2.1,"y":-13.8,"pX":0,"scX":1,"skY":20,"skX":20},"z":8,"duration":1}],"offset":0.7},{"name":"legOutside","scale":1,"frame":[{"transform":{"pY":0,"scY":1,"x":-2.8,"y":-10.5,"pX":0,"scX":1,"skY":-34.25,"skX":-34.25},"z":9,"duration":1},{"transform":{"pY":0,"scY":1,"x":-3.1,"y":-1.5,"pX":0,"scX":1,"skY":-5,"skX":-5},"z":9,"duration":1}],"offset":0},{"name":"body","scale":1,"frame":[{"transform":{"pY":0,"scY":1,"x":0,"y":-12,"pX":0,"scX":1,"skY":-10,"skX":-10},"z":10,"duration":1},{"transform":{"pY":0,"scY":1,"x":0,"y":-2,"pX":0,"scX":1,"skY":10,"skX":10},"z":10,"duration":1}],"offset":0},{"name":"armOutside","scale":1,"frame":[{"transform":{"pY":0,"scY":1,"x":-7,"y":-22.95,"pX":0,"scX":1,"skY":-15,"skX":-15},"z":11,"duration":1},{"transform":{"pY":0,"scY":1,"x":-2.8,"y":-14.65,"pX":0,"scX":1,"skY":15,"skX":15},"z":11,"duration":1}],"offset":0}],"fadeInTime":0.111,"duration":2,"tweenEasing":2},{"name":"jump","scale":1,"loop":1,"frame":[{"duration":1},{"duration":8,"sound":"horse"}],"timeline":[{"name":"horseLegL2","scale":1,"frame":[{"transform":{"pY":0,"scY":1,"x":-7.2,"y":16.4,"pX":0,"scX":1,"skY":72.3,"skX":72.29},"z":0,"duration":8},{"transform":{"pY":0,"scY":1,"x":-7.2,"y":16.4,"pX":0,"scX":1,"skY":72.3,"skX":72.29},"z":0,"duration":1}],"offset":0},{"name":"horseLegL1","scale":1,"frame":[{"transform":{"pY":0,"scY":1,"x":13.75,"y":15.35,"pX":0,"scX":1,"skY":-62.7,"skX":-62.7},"z":1,"duration":8},{"transform":{"pY":0,"scY":1,"x":13.75,"y":15.35,"pX":0,"scX":1,"skY":-32.7,"skX":-32.7},"z":1,"duration":1}],"offset":0},{"name":"horseLegR2","scale":1,"frame":[{"transform":{"pY":0,"scY":1,"x":-13.15,"y":16.65,"pX":0,"scX":1,"skY":72.3,"skX":72.29},"z":2,"duration":8},{"transform":{"pY":0,"scY":1,"x":-13.15,"y":16.65,"pX":0,"scX":1,"skY":72.3,"skX":72.29},"z":2,"duration":1}],"offset":0},{"name":"horseLegR1","scale":1,"frame":[{"transform":{"pY":0,"scY":1,"x":7.8,"y":15.7,"pX":0,"scX":1,"skY":-62.7,"skX":-62.7},"z":3,"duration":8},{"transform":{"pY":0,"scY":1,"x":7.8,"y":15.7,"pX":0,"scX":1,"skY":-32.7,"skX":-32.7},"z":3,"duration":1}],"offset":0},{"name":"horseTail","scale":1,"frame":[{"transform":{"pY":0,"scY":1,"x":-19.8,"y":3,"pX":0,"scX":1,"skY":12.29,"skX":12.29},"z":4,"duration":8},{"transform":{"pY":0,"scY":1,"x":-19.8,"y":3,"pX":0,"scX":1,"skY":102.29,"skX":102.29},"z":4,"duration":1}],"offset":0},{"name":"horseHead","scale":1,"frame":[{"transform":{"pY":0,"scY":1,"x":19.95,"y":-0.95,"pX":0,"scX":1,"skY":-12.01,"skX":-12.01},"z":5,"duration":8},{"transform":{"pY":0,"scY":1,"x":19.95,"y":-0.95,"pX":0,"scX":1,"skY":21.72,"skX":21.72},"z":5,"duration":1}],"offset":0},{"name":"horseBody","scale":1,"frame":[{"transform":{"pY":0,"scY":1,"x":0,"y":0,"pX":0,"scX":1,"skY":-2.7,"skX":-2.7},"z":6,"duration":8},{"transform":{"pY":0,"scY":1,"x":0,"y":0,"pX":0,"scX":1,"skY":-2.7,"skX":-2.7},"z":6,"duration":1}],"offset":0},{"name":"armInside","scale":1,"frame":[{"transform":{"pY":0,"scY":1,"x":4.8,"y":-15.15,"pX":0,"scX":1,"skY":7.99,"skX":7.99},"z":7,"duration":8},{"transform":{"pY":0,"scY":1,"x":4.8,"y":-15.15,"pX":0,"scX":1,"skY":37.99,"skX":37.99},"z":7,"duration":1}],"offset":0},{"name":"head","scale":1,"frame":[{"transform":{"pY":0,"scY":1,"x":-0.2,"y":-16.95,"pX":0,"scX":1,"skY":-14,"skX":-14},"z":8,"duration":8},{"transform":{"pY":0,"scY":1,"x":-0.2,"y":-16.95,"pX":0,"scX":1,"skY":15.99,"skX":15.99},"z":8,"duration":1}],"offset":0},{"name":"legOutside","scale":1,"frame":[{"transform":{"pY":0,"scY":1,"x":-2.7,"y":-0.9,"pX":0,"scX":1,"skY":-26.26,"skX":-26.26},"z":9,"duration":8},{"transform":{"pY":0,"scY":1,"x":-2.7,"y":-0.9,"pX":0,"scX":1,"skY":-26.26,"skX":-26.26},"z":9,"duration":1}],"offset":0},{"name":"body","scale":1,"frame":[{"transform":{"pY":0,"scY":1,"x":0.3,"y":-2,"pX":0,"scX":1,"skY":-2,"skX":-2},"z":10,"duration":8},{"transform":{"pY":0,"scY":1,"x":0.3,"y":-2,"pX":0,"scX":1,"skY":-2,"skX":-2},"z":10,"duration":1}],"offset":0},{"name":"armOutside","scale":1,"frame":[{"transform":{"pY":0,"scY":1,"x":-7,"y":-12.95,"pX":0,"scX":1,"skY":-15,"skX":-15},"z":11,"duration":8},{"transform":{"pY":0,"scY":1,"x":-7,"y":-12.95,"pX":0,"scX":1,"skY":12.49,"skX":12.49},"z":11,"duration":1}],"offset":0}],"fadeInTime":0.167,"duration":9,"tweenEasing":null}]},{"skin":[{"name":0,"slot":[{"name":"head","z":0,"display":[{"transform":{"pY":48,"scY":1,"x":0,"y":0,"pX":0,"scX":1,"skY":0,"skX":0},"name":"knightFolder/horseHead_","type":"image"}],"parent":"head"},{"name":"eye","z":1,"display":[{"transform":{"pY":6.2,"scY":1,"x":0,"y":0,"pX":6.2,"scX":1,"skY":0,"skX":0},"name":"knightFolder/horseEye","type":"image"}],"parent":"eye"}]}],"bone":[{"transform":{"scY":1,"scX":1,"x":17.35,"skY":0,"skX":0,"y":-24.05},"name":"eye"},{"transform":{"scY":1,"scX":1,"x":-2,"skY":0,"skX":0,"y":2},"name":"head"}],"name":"knightFolder/horseHead","animation":[{"name":"unnamed","scale":1,"loop":0,"timeline":[{"name":"head","scale":1,"frame":[{"transform":{"pY":0,"scY":1,"x":-2,"y":2,"pX":0,"scX":1,"skY":0,"skX":0},"z":0,"duration":60}],"offset":0},{"name":"eye","scale":1,"frame":[{"transform":{"pY":0,"scY":1,"x":17.35,"y":-24.05,"pX":0,"scX":1,"skY":0,"skX":0},"z":1,"duration":4},{"z":1,"transform":{"pY":0,"scY":1,"x":17.35,"y":-24.05,"pX":0,"scX":1,"skY":0,"skX":0},"duration":3,"tweenEasing":1},{"z":1,"transform":{"pY":0,"scY":0.04,"x":17.35,"y":-24.05,"pX":0,"scX":1,"skY":0,"skX":0},"duration":3,"tweenEasing":0},{"transform":{"pY":0,"scY":1,"x":17.35,"y":-24.05,"pX":0,"scX":1,"skY":0,"skX":0},"z":1,"duration":50}],"offset":0}],"fadeInTime":0.167,"duration":60,"tweenEasing":null}]},{"skin":[{"name":0,"slot":[{"name":"weapon","z":1,"display":[{"transform":{"pY":9,"scY":1,"x":0,"y":0,"pX":11,"scX":1,"skY":0,"skX":0},"name":"knightFolder/sword_1","type":"image"},{"transform":{"pY":8,"scY":1,"x":-27.15,"y":0.399,"pX":26,"scX":1,"skY":0,"skX":0},"name":"knightFolder/pike_1","type":"image"},{"transform":{"pY":9,"scY":1,"x":-17.55,"y":-0.35,"pX":6,"scX":1,"skY":0,"skX":0},"name":"knightFolder/axe_1","type":"image"}],"parent":"weapon"},{"name":"arm","z":2,"display":[{"transform":{"pY":4,"scY":1,"x":0,"y":0,"pX":2,"scX":1,"skY":0,"skX":0},"name":"knightFolder/arm","type":"image"}],"parent":"arm"},{"name":"bow","z":0,"display":[{"transform":{"scY":1,"scX":1,"x":0,"skY":0,"skX":0,"y":0},"name":"knightFolder/bow","type":"armature"}],"parent":"bow"}]}],"bone":[{"transform":{"scY":1,"scX":1,"x":26,"skY":10,"skX":10,"y":3},"name":"bow"},{"transform":{"scY":1,"scX":1,"x":0,"skY":120,"skX":120,"y":0},"name":"arm"},{"transform":{"scY":1,"scX":1,"x":-6,"skY":30,"skX":30,"y":14},"name":"weapon","parent":"arm"}],"name":"knightFolder/armOutside","animation":[{"name":"ready_sword","scale":0,"loop":1,"timeline":[{"name":"weapon","scale":1,"frame":[{"transform":{"pY":0,"scY":1,"x":-6,"y":14,"pX":0,"scX":1,"skY":30,"skX":30},"z":1,"duration":1}],"offset":0},{"name":"arm","scale":1,"frame":[{"transform":{"pY":0,"scY":1,"x":0,"y":0,"pX":0,"scX":1,"skY":120,"skX":120},"z":2,"duration":1}],"offset":0}],"fadeInTime":0.167,"duration":1,"tweenEasing":null},{"name":"attack_sword_0","scale":1,"loop":1,"frame":[{"duration":10},{"duration":8,"event":"ready"}],"timeline":[{"name":"weapon","scale":1,"frame":[{"z":1,"transform":{"pY":0,"scY":1,"x":10,"y":-12,"pX":0,"scX":1,"skY":-134.79,"skX":-134.79},"duration":8,"tweenEasing":1},{"transform":{"pY":0,"scY":1,"x":-14,"y":6,"pX":0,"scX":1,"skY":60,"skX":60},"z":1,"duration":10}],"offset":0},{"name":"arm","scale":1,"frame":[{"tweenRotate":1,"z":2,"transform":{"pY":0,"scY":1,"x":0,"y":0,"pX":0,"scX":1,"skY":-44.35,"skX":-44.35},"duration":8,"tweenEasing":1},{"transform":{"pY":0,"scY":1,"x":0,"y":0,"pX":0,"scX":1,"skY":165,"skX":165},"z":2,"duration":10}],"offset":0}],"fadeInTime":0.3,"duration":18,"tweenEasing":null},{"name":"attack_sword_1","scale":1,"loop":1,"frame":[{"duration":10},{"duration":8,"event":"ready"}],"timeline":[{"name":"weapon","scale":1,"frame":[{"z":1,"transform":{"pY":0,"scY":1,"x":5.7,"y":15.4,"pX":0,"scX":1,"skY":105,"skX":105},"duration":8,"tweenEasing":1},{"transform":{"pY":0,"scY":1,"x":15.7,"y":-5.6,"pX":0,"scX":1,"skY":-60,"skX":-60},"z":1,"duration":10}],"offset":0},{"name":"arm","scale":1,"frame":[{"z":2,"transform":{"pY":0,"scY":1,"x":0,"y":0,"pX":0,"scX":1,"skY":75,"skX":75},"duration":8,"tweenEasing":1},{"transform":{"pY":0,"scY":1,"x":0,"y":0,"pX":0,"scX":1,"skY":-12,"skX":-12},"z":2,"duration":10}],"offset":0}],"fadeInTime":0.3,"duration":18,"tweenEasing":null},{"name":"attack_sword_2","scale":1,"loop":1,"frame":[{"duration":11},{"duration":10,"event":"ready"}],"timeline":[{"name":"weapon","scale":1,"frame":[{"z":1,"transform":{"pY":0,"scY":1,"x":13.7,"y":-7.6,"pX":0,"scX":1,"skY":-89.99,"skX":-89.99},"duration":9,"tweenEasing":1},{"transform":{"pY":0,"scY":1,"x":-14.1,"y":7.3,"pX":0,"scX":1,"skY":150,"skX":150},"z":1,"duration":12}],"offset":0},{"name":"arm","scale":1,"frame":[{"z":2,"transform":{"pY":0,"scY":1,"x":0,"y":0,"pX":0,"scX":1,"skY":-20,"skX":-20},"duration":9,"tweenEasing":1},{"transform":{"pY":0,"scY":1,"x":0,"y":0,"pX":0,"scX":1,"skY":160,"skX":160},"z":2,"duration":12}],"offset":0}],"fadeInTime":0.3,"duration":21,"tweenEasing":null},{"name":"attack_sword_3","scale":1,"loop":1,"frame":[{"duration":16},{"action":"ready_sword","duration":1}],"timeline":[{"name":"weapon","scale":1,"frame":[{"z":1,"transform":{"pY":0,"scY":1,"x":-14.1,"y":7.3,"pX":0,"scX":1,"skY":150,"skX":150},"duration":9,"tweenEasing":1},{"transform":{"pY":0,"scY":1,"x":9.95,"y":13.05,"pX":0,"scX":1,"skY":60,"skX":60},"z":1,"duration":8}],"offset":0},{"name":"arm","scale":1,"frame":[{"tweenRotate":1,"z":2,"transform":{"pY":0,"scY":1,"x":0,"y":0,"pX":0,"scX":1,"skY":160,"skX":160},"duration":9,"tweenEasing":1},{"transform":{"pY":0,"scY":1,"x":0,"y":0,"pX":0,"scX":1,"skY":60,"skX":60},"z":2,"duration":8}],"offset":0}],"fadeInTime":0.167,"duration":17,"tweenEasing":null},{"name":"attack_sword_5","scale":1,"loop":0,"timeline":[{"name":"weapon","scale":1,"frame":[{"z":1,"transform":{"pY":0,"scY":1,"x":1.65,"y":15.7,"pX":0,"scX":1,"skY":0,"skX":0},"duration":7,"tweenEasing":0},{"transform":{"pY":0,"scY":1,"x":1.65,"y":15.7,"pX":0,"scX":1,"skY":0,"skX":0},"z":1,"duration":1}],"offset":0},{"name":"arm","scale":1,"frame":[{"tweenRotate":2,"z":2,"transform":{"pY":0,"scY":1,"x":0,"y":0,"pX":0,"scX":1,"skY":89.99,"skX":89.99},"duration":7,"tweenEasing":0},{"transform":{"pY":0,"scY":1,"x":0,"y":0,"pX":0,"scX":1,"skY":89.99,"skX":89.99},"z":2,"duration":1}],"offset":0}],"fadeInTime":0.167,"duration":8,"tweenEasing":null},{"name":"ready_pike","scale":1,"loop":1,"timeline":[{"name":"weapon","scale":1,"frame":[{"z":1,"transform":{"pY":0,"scY":1,"x":2.05,"y":16,"pX":0,"scX":1,"skY":5,"skX":5},"displayIndex":1,"duration":1}],"offset":0},{"name":"arm","scale":1,"frame":[{"transform":{"pY":0,"scY":1,"x":0,"y":0,"pX":0,"scX":1,"skY":89.99,"skX":89.99},"z":2,"duration":1}],"offset":0}],"fadeInTime":0.3,"duration":1,"tweenEasing":null},{"name":"attack_pike_1","scale":1,"loop":1,"frame":[{"duration":12},{"duration":10,"event":"ready"}],"timeline":[{"name":"weapon","scale":1,"frame":[{"duration":9,"z":1,"transform":{"pY":-0.4,"scY":1,"x":9,"y":-13.25,"pX":27.15,"scX":1,"skY":-135,"skX":-135},"displayIndex":1,"tweenEasing":1},{"z":1,"transform":{"pY":-0.4,"scY":1,"x":-15,"y":6,"pX":27.15,"scX":1,"skY":60,"skX":60},"displayIndex":1,"duration":13}],"offset":0},{"name":"arm","scale":1,"frame":[{"tweenRotate":1,"z":2,"transform":{"pY":0,"scY":1,"x":0,"y":0,"pX":0,"scX":1,"skY":-45,"skX":-45},"duration":9,"tweenEasing":1},{"transform":{"pY":0,"scY":1,"x":0,"y":0,"pX":0,"scX":1,"skY":165,"skX":165},"z":2,"duration":13}],"offset":0}],"fadeInTime":0.3,"duration":22,"tweenEasing":null},{"name":"attack_pike_2","scale":1,"loop":1,"frame":[{"duration":13},{"duration":9,"event":"ready"}],"timeline":[{"name":"weapon","scale":1,"frame":[{"duration":9,"z":1,"transform":{"pY":-0.4,"scY":1,"x":6,"y":15,"pX":27.15,"scX":1,"skY":135,"skX":135},"displayIndex":1,"tweenEasing":1},{"z":1,"transform":{"pY":-0.4,"scY":1,"x":15,"y":-5,"pX":27.15,"scX":1,"skY":-60,"skX":-60},"displayIndex":1,"duration":13}],"offset":0},{"name":"arm","scale":1,"frame":[{"z":2,"transform":{"pY":0,"scY":1,"x":0,"y":0,"pX":0,"scX":1,"skY":75,"skX":75},"duration":9,"tweenEasing":1},{"transform":{"pY":0,"scY":1,"x":0,"y":0,"pX":0,"scX":1,"skY":-12,"skX":-12},"z":2,"duration":13}],"offset":0}],"fadeInTime":0.3,"duration":22,"tweenEasing":null},{"name":"attack_pike_3","scale":1,"loop":1,"frame":[{"duration":21},{"action":"ready_pike","duration":1}],"timeline":[{"name":"weapon","scale":1,"frame":[{"duration":3,"z":1,"transform":{"pY":-0.4,"scY":1,"x":15,"y":-5,"pX":27.15,"scX":1,"skY":-60,"skX":-60},"displayIndex":1,"tweenEasing":1},{"duration":9,"z":1,"transform":{"pY":0,"scY":1,"x":-17,"y":2,"pX":-38.85,"scX":1,"skY":0,"skX":0},"displayIndex":1,"tweenEasing":1},{"z":1,"transform":{"pY":0,"scY":1,"x":16,"y":1,"pX":35.15,"scX":1,"skY":0,"skX":0},"displayIndex":1,"duration":10}],"offset":0},{"name":"arm","scale":1,"frame":[{"tweenRotate":1,"z":2,"transform":{"pY":0,"scY":1,"x":0,"y":0,"pX":0,"scX":1,"skY":-12,"skX":-12},"duration":3,"tweenEasing":1},{"z":2,"transform":{"pY":0,"scY":1,"x":0,"y":0,"pX":0,"scX":1,"skY":180,"skX":180},"duration":9,"tweenEasing":1},{"transform":{"pY":0,"scY":1,"x":0,"y":0,"pX":0,"scX":1,"skY":10,"skX":10},"z":2,"duration":10}],"offset":0}],"fadeInTime":0,"duration":22,"tweenEasing":null},{"name":"attack_pike_5","scale":1,"loop":0,"timeline":[{"name":"weapon","scale":1,"frame":[{"duration":5,"z":1,"transform":{"pY":-0.95,"scY":1,"x":-16,"y":0,"pX":-38.6,"scX":1,"skY":15,"skX":15},"displayIndex":1,"tweenEasing":1},{"z":1,"transform":{"pY":-1,"scY":1,"x":13,"y":9.05,"pX":35.4,"scX":1,"skY":15,"skX":15},"displayIndex":1,"duration":1},{"duration":5,"z":1,"transform":{"pY":-0.4,"scY":1,"x":-16,"y":-1,"pX":-39.85,"scX":1,"skY":0,"skX":0},"displayIndex":1,"tweenEasing":1},{"z":1,"transform":{"pY":-0.4,"scY":1,"x":16,"y":2,"pX":36.15,"scX":1,"skY":0,"skX":0},"displayIndex":1,"duration":1},{"duration":5,"z":1,"transform":{"pY":-0.95,"scY":1,"x":-15,"y":5.05,"pX":-39.25,"scX":1,"skY":-15,"skX":-15},"displayIndex":1,"tweenEasing":1},{"z":1,"transform":{"pY":-0.4,"scY":1,"x":16,"y":-1,"pX":36.15,"scX":1,"skY":-15,"skX":-15},"displayIndex":1,"duration":1},{"duration":5,"z":1,"transform":{"pY":-0.4,"scY":1,"x":-16,"y":-1,"pX":-39.85,"scX":1,"skY":0,"skX":0},"displayIndex":1,"tweenEasing":1},{"z":1,"transform":{"pY":-0.4,"scY":1,"x":16,"y":2,"pX":36.15,"scX":1,"skY":0,"skX":0},"displayIndex":1,"duration":1}],"offset":0},{"name":"arm","scale":1,"frame":[{"z":2,"transform":{"pY":0,"scY":1,"x":0,"y":0,"pX":0,"scX":1,"skY":-170,"skX":-170},"duration":5,"tweenEasing":1},{"transform":{"pY":0,"scY":1,"x":0,"y":0,"pX":0,"scX":1,"skY":40,"skX":40},"z":2,"duration":1},{"z":2,"transform":{"pY":0,"scY":1,"x":0,"y":0,"pX":0,"scX":1,"skY":-170,"skX":-170},"duration":5,"tweenEasing":1},{"transform":{"pY":0,"scY":1,"x":0,"y":0,"pX":0,"scX":1,"skY":15,"skX":15},"z":2,"duration":1},{"z":2,"transform":{"pY":0,"scY":1,"x":0,"y":0,"pX":0,"scX":1,"skY":170,"skX":170},"duration":5,"tweenEasing":1},{"tweenRotate":-1,"z":2,"transform":{"pY":0,"scY":1,"x":0,"y":0,"pX":0,"scX":1,"skY":0,"skX":0},"duration":1,"tweenEasing":0},{"z":2,"transform":{"pY":0,"scY":1,"x":0,"y":0,"pX":0,"scX":1,"skY":-170,"skX":-170},"duration":5,"tweenEasing":1},{"transform":{"pY":0,"scY":1,"x":0,"y":0,"pX":0,"scX":1,"skY":15,"skX":15},"z":2,"duration":1}],"offset":0}],"fadeInTime":0.167,"duration":24,"tweenEasing":null},{"name":"ready_axe","scale":1,"loop":1,"timeline":[{"name":"weapon","scale":1,"frame":[{"z":1,"transform":{"pY":0,"scY":1,"x":2,"y":16,"pX":0,"scX":1,"skY":15,"skX":15},"displayIndex":2,"duration":1}],"offset":0},{"name":"arm","scale":1,"frame":[{"transform":{"pY":0,"scY":1,"x":0,"y":0,"pX":0,"scX":1,"skY":89.99,"skX":89.99},"z":2,"duration":1}],"offset":0}],"fadeInTime":0.3,"duration":1,"tweenEasing":null},{"name":"attack_axe_1","scale":1,"loop":1,"frame":[{"duration":15},{"duration":8,"event":"ready"}],"timeline":[{"name":"weapon","scale":1,"frame":[{"duration":10,"z":1,"transform":{"pY":0.35,"scY":1,"x":-8,"y":14,"pX":17.55,"scX":1,"skY":135,"skX":-45},"displayIndex":2,"tweenEasing":1},{"z":1,"transform":{"pY":0.35,"scY":1,"x":10,"y":-12,"pX":17.55,"scX":1,"skY":-60,"skX":120},"displayIndex":2,"duration":12},{"duration":1,"z":1,"transform":{"pY":0.35,"scY":1,"x":10,"y":-12,"pX":17.55,"scX":1,"skY":-60,"skX":120},"displayIndex":2,"tweenEasing":null}],"offset":0},{"name":"arm","scale":1,"frame":[{"z":2,"transform":{"pY":0,"scY":1,"x":0,"y":0,"pX":0,"scX":1,"skY":125,"skX":125},"duration":10,"tweenEasing":1},{"transform":{"pY":0,"scY":1,"x":0,"y":0,"pX":0,"scX":1,"skY":-45,"skX":-45},"z":2,"duration":13}],"offset":0}],"fadeInTime":0.167,"duration":23,"tweenEasing":null},{"name":"attack_axe_2","scale":1,"loop":1,"frame":[{"duration":14},{"duration":8,"event":"ready"}],"timeline":[{"name":"weapon","scale":1,"frame":[{"duration":9,"z":1,"transform":{"pY":0.35,"scY":1,"x":10,"y":-12,"pX":17.55,"scX":1,"skY":-120,"skX":-120},"displayIndex":2,"tweenEasing":1},{"z":1,"transform":{"pY":0.35,"scY":1,"x":-15,"y":5,"pX":17.55,"scX":1,"skY":120,"skX":120},"displayIndex":2,"duration":13}],"offset":0},{"name":"arm","scale":1,"frame":[{"tweenRotate":1,"z":2,"transform":{"pY":0,"scY":1,"x":0,"y":0,"pX":0,"scX":1,"skY":-45,"skX":-45},"duration":9,"tweenEasing":1},{"transform":{"pY":0,"scY":1,"x":0,"y":0,"pX":0,"scX":1,"skY":170,"skX":170},"z":2,"duration":13}],"offset":0}],"fadeInTime":0.3,"duration":22,"tweenEasing":null},{"name":"attack_axe_3","scale":1,"loop":1,"frame":[{"duration":20},{"action":"ready_axe","duration":1}],"timeline":[{"name":"weapon","scale":1,"frame":[{"tweenRotate":1,"z":1,"duration":12,"transform":{"pY":0.35,"scY":1,"x":-15,"y":5,"pX":17.55,"scX":1,"skY":120,"skX":120},"displayIndex":2,"tweenEasing":1},{"z":1,"transform":{"pY":0.6,"scY":1,"x":11.05,"y":12,"pX":31.4,"scX":1,"skY":45,"skX":45},"displayIndex":2,"duration":9}],"offset":0},{"name":"arm","scale":1,"frame":[{"tweenRotate":1,"z":2,"transform":{"pY":0,"scY":1,"x":0,"y":0,"pX":0,"scX":1,"skY":170,"skX":170},"duration":12,"tweenEasing":1},{"transform":{"pY":0,"scY":1,"x":0,"y":0,"pX":0,"scX":1,"skY":55,"skX":55},"z":2,"duration":9}],"offset":0}],"fadeInTime":0.3,"duration":21,"tweenEasing":null},{"name":"ready_bow","scale":1,"loop":1,"timeline":[{"name":"bow","scale":1,"frame":[{"transform":{"pY":0,"scY":1,"x":26,"y":3,"pX":0,"scX":1,"skY":10,"skX":10},"z":0,"duration":1}],"offset":0},{"name":"arm","scale":1,"frame":[{"transform":{"pY":0,"scY":1,"x":0,"y":0,"pX":0,"scX":1,"skY":10,"skX":10},"z":2,"duration":1}],"offset":0}],"fadeInTime":0.167,"duration":1,"tweenEasing":null},{"name":"attack_bow_1","scale":1,"loop":1,"frame":[{"duration":3},{"duration":5,"event":"fire"},{"action":"ready_bow","duration":1}],"timeline":[{"name":"bow","scale":1,"frame":[{"transform":{"pY":0,"scY":1,"x":25,"y":0,"pX":0,"scX":1,"skY":-10,"skX":-10},"z":0,"duration":9}],"offset":0},{"name":"arm","scale":1,"frame":[{"z":2,"transform":{"pY":0,"scY":1,"x":0,"y":0,"pX":0,"scX":1,"skY":141.7,"skX":-38.3},"duration":3,"tweenEasing":0},{"z":2,"transform":{"pY":0,"scY":1,"x":0,"y":0,"pX":0,"scX":0.61,"skY":-143.07,"skX":36.93},"duration":5,"tweenEasing":1},{"transform":{"pY":0,"scY":1,"x":0,"y":0,"pX":0,"scX":1,"skY":10,"skX":10},"z":2,"duration":1}],"offset":0}],"fadeInTime":0.167,"duration":9,"tweenEasing":null}]},{"skin":[{"name":0,"slot":[{"name":"cb","z":0,"display":[{"transform":{"pY":30,"scY":1,"x":0,"y":0,"pX":0,"scX":1,"skY":0,"skX":0},"name":"knightFolder/bow_b","type":"image"}],"parent":"cb"},{"name":"ca","z":1,"display":[{"transform":{"pY":30,"scY":1,"x":0,"y":0,"pX":0,"scX":1,"skY":0,"skX":0},"name":"knightFolder/bow_b","type":"image"}],"parent":"ca"},{"name":"arrow","z":2,"display":[{"transform":{"pY":5,"scY":1,"x":0,"y":0,"pX":10,"scX":1,"skY":0,"skX":0},"name":"knightFolder/arrow_1","type":"image"}],"parent":"arrow"},{"name":"bb","z":4,"display":[{"transform":{"pY":50,"scY":1,"x":0,"y":0,"pX":11,"scX":1,"skY":0,"skX":0},"name":"knightFolder/bow_1","type":"image"}],"parent":"bb"},{"name":"ba","z":5,"display":[{"transform":{"pY":50,"scY":1,"x":0,"y":0,"pX":11,"scX":1,"skY":0,"skX":0},"name":"knightFolder/bow_1","type":"image"}],"parent":"ba"},{"name":"a","z":6,"display":[{"transform":{"pY":4,"scY":1,"x":0,"y":0,"pX":4,"scX":1,"skY":0,"skX":0},"name":"knightFolder/bow_a","type":"image"}],"parent":"a"},{"name":"arrowBackup","z":3,"display":[{"transform":{"pY":5,"scY":1,"x":0,"y":0,"pX":10,"scX":1,"skY":0,"skX":0},"name":"knightFolder/arrow_1","type":"image"}],"parent":"arrowBackup"}]}],"bone":[{"transform":{"scY":1,"scX":0.2,"x":-33,"skY":120,"skX":120,"y":-10},"name":"arrowBackup"},{"transform":{"scY":1,"scX":1,"x":0,"skY":0,"skX":0,"y":0},"name":"a"},{"transform":{"scY":1,"scX":1,"x":0,"skY":0,"skX":0,"y":0},"name":"ba"},{"transform":{"scY":1,"scX":1,"x":0,"skY":0,"skX":180,"y":0},"name":"bb"},{"transform":{"scY":1,"scX":1,"x":-8,"skY":0,"skX":0,"y":0},"name":"arrow"},{"transform":{"scY":1,"scX":1,"x":-9,"skY":0,"skX":0,"y":0},"name":"ca"},{"transform":{"scY":1,"scX":1,"x":-9,"skY":0,"skX":180,"y":0},"name":"cb"}],"name":"knightFolder/bow","animation":[{"name":"ready_bow","scale":1,"loop":1,"timeline":[{"name":"cb","scale":1,"frame":[{"transform":{"pY":0,"scY":1,"x":-9,"y":0,"pX":0,"scX":1,"skY":0,"skX":180},"z":0,"duration":1}],"offset":0},{"name":"ca","scale":1,"frame":[{"transform":{"pY":0,"scY":1,"x":-9,"y":0,"pX":0,"scX":1,"skY":0,"skX":0},"z":1,"duration":1}],"offset":0},{"name":"arrow","scale":1,"frame":[{"transform":{"pY":0,"scY":1,"x":-8,"y":0,"pX":0,"scX":1,"skY":0,"skX":0},"z":2,"duration":1}],"offset":0},{"name":"bb","scale":1,"frame":[{"transform":{"pY":0,"scY":1,"x":0,"y":0,"pX":0,"scX":1,"skY":0,"skX":180},"z":4,"duration":1}],"offset":0},{"name":"ba","scale":1,"frame":[{"transform":{"pY":0,"scY":1,"x":0,"y":0,"pX":0,"scX":1,"skY":0,"skX":0},"z":5,"duration":1}],"offset":0},{"name":"a","scale":1,"frame":[{"transform":{"pY":0,"scY":1,"x":0,"y":0,"pX":0,"scX":1,"skY":0,"skX":0},"z":6,"duration":1}],"offset":0}],"fadeInTime":0.3,"duration":1,"tweenEasing":null},{"name":"attack_bow_1","scale":1,"loop":1,"timeline":[{"name":"cb","scale":1,"frame":[{"z":0,"transform":{"pY":0,"scY":1,"x":-39,"y":0,"pX":0,"scX":1,"skY":-30,"skX":150},"duration":3,"tweenEasing":1},{"transform":{"pY":0,"scY":1,"x":-9,"y":0,"pX":0,"scX":1,"skY":0,"skX":180},"z":0,"duration":6}],"offset":0},{"name":"ca","scale":1,"frame":[{"z":1,"transform":{"pY":0,"scY":1,"x":-39,"y":0,"pX":0,"scX":1,"skY":30,"skX":30},"duration":3,"tweenEasing":1},{"transform":{"pY":0,"scY":1,"x":-9,"y":0,"pX":0,"scX":1,"skY":0,"skX":0},"z":1,"duration":6}],"offset":0},{"name":"arrow","scale":1,"frame":[{"z":2,"transform":{"pY":0,"scY":1,"x":-38,"y":0,"pX":0,"scX":1,"skY":0,"skX":0},"duration":3,"tweenEasing":1},{"z":2,"transform":{"pY":0,"scY":1,"x":-13,"y":0,"pX":0,"scX":1,"skY":0,"skX":0},"duration":5,"hide":1},{"transform":{"pY":0,"scY":1,"x":-8,"y":0,"pX":0,"scX":1,"skY":0,"skX":0},"z":2,"duration":1}],"offset":0},{"name":"arrowBackup","scale":1,"frame":[{"displayIndex":-1,"duration":1},{"tweenRotate":1,"z":3,"transform":{"pY":0,"scY":1,"x":-33,"y":-10,"pX":0,"scX":0.2,"skY":120,"skX":120},"duration":7,"tweenEasing":0},{"z":3,"transform":{"pY":0,"scY":1,"x":-8,"y":0,"pX":0,"scX":1,"skY":0,"skX":0},"duration":1,"hide":1}],"offset":0},{"name":"bb","scale":1,"frame":[{"z":4,"transform":{"pY":0,"scY":1,"x":0,"y":0,"pX":0,"scX":1,"skY":24,"skX":-156},"duration":3,"tweenEasing":1},{"transform":{"pY":0,"scY":1,"x":0,"y":0,"pX":0,"scX":1,"skY":0,"skX":180},"z":4,"duration":6}],"offset":0},{"name":"ba","scale":1,"frame":[{"z":5,"transform":{"pY":0,"scY":1,"x":0,"y":0,"pX":0,"scX":1,"skY":-24,"skX":-24},"duration":3,"tweenEasing":1},{"transform":{"pY":0,"scY":1,"x":0,"y":0,"pX":0,"scX":1,"skY":0,"skX":0},"z":5,"duration":6}],"offset":0},{"name":"a","scale":1,"frame":[{"z":6,"transform":{"pY":0,"scY":1,"x":0,"y":0,"pX":0,"scX":1,"skY":0,"skX":0},"duration":3,"tweenEasing":1},{"transform":{"pY":0,"scY":1,"x":0,"y":0,"pX":0,"scX":1,"skY":0,"skX":0},"z":6,"duration":6}],"offset":0}],"fadeInTime":0.167,"duration":9,"tweenEasing":null}]},{"skin":[{"name":0,"slot":[{"name":"sword_2","z":0,"display":[{"transform":{"pY":14,"scY":1,"x":0,"y":0,"pX":13,"scX":1,"skY":0,"skX":0},"name":"knightFolder/sword_2","type":"image"}],"parent":"sword_2"},{"name":"sword_3","z":1,"display":[{"transform":{"pY":18,"scY":1,"x":0,"y":0,"pX":14,"scX":1,"skY":0,"skX":0},"name":"knightFolder/sword_3","type":"image"}],"parent":"sword_3"},{"name":"sword_1","z":2,"display":[{"transform":{"pY":9,"scY":1,"x":0,"y":0,"pX":11,"scX":1,"skY":0,"skX":0},"name":"knightFolder/sword_1","type":"image"}],"parent":"sword_1"},{"name":"pike_2","z":3,"display":[{"transform":{"pY":12,"scY":1,"x":0,"y":0,"pX":32,"scX":1,"skY":0,"skX":0},"name":"knightFolder/pike_2","type":"image"}],"parent":"pike_2"},{"name":"pike_3","z":4,"display":[{"transform":{"pY":16,"scY":1,"x":0,"y":0,"pX":36,"scX":1,"skY":0,"skX":0},"name":"knightFolder/pike_3","type":"image"}],"parent":"pike_3"},{"name":"pike_1","z":5,"display":[{"transform":{"pY":8,"scY":1,"x":0,"y":0,"pX":26,"scX":1,"skY":0,"skX":0},"name":"knightFolder/pike_1","type":"image"}],"parent":"pike_1"},{"name":"axe_3","z":6,"display":[{"transform":{"pY":32,"scY":1,"x":0,"y":0,"pX":6,"scX":1,"skY":0,"skX":0},"name":"knightFolder/axe_3","type":"image"}],"parent":"axe_3"},{"name":"axe_2","z":7,"display":[{"transform":{"pY":20,"scY":1,"x":0,"y":0,"pX":6,"scX":1,"skY":0,"skX":0},"name":"knightFolder/axe_2","type":"image"}],"parent":"axe_2"},{"name":"axe_1","z":8,"display":[{"transform":{"pY":9,"scY":1,"x":0,"y":0,"pX":6,"scX":1,"skY":0,"skX":0},"name":"knightFolder/axe_1","type":"image"}],"parent":"axe_1"},{"name":"bow_2","z":9,"display":[{"transform":{"pY":50,"scY":1,"x":0,"y":0,"pX":16,"scX":1,"skY":0,"skX":0},"name":"knightFolder/bow_2","type":"image"}],"parent":"bow_2"},{"name":"bow_1","z":10,"display":[{"transform":{"pY":50,"scY":1,"x":0,"y":0,"pX":11,"scX":1,"skY":0,"skX":0},"name":"knightFolder/bow_1","type":"image"}],"parent":"bow_1"},{"name":"bow_3","z":11,"display":[{"transform":{"pY":64,"scY":1,"x":0,"y":0,"pX":23,"scX":1,"skY":0,"skX":0},"name":"knightFolder/bow_3","type":"image"}],"parent":"bow_3"},{"name":"arrow_1","z":12,"display":[{"transform":{"pY":5,"scY":1,"x":0,"y":0,"pX":10,"scX":1,"skY":0,"skX":0},"name":"knightFolder/arrow_1","type":"image"}],"parent":"arrow_1"},{"name":"arrow_2","z":13,"display":[{"transform":{"pY":8.75,"scY":1,"x":0,"y":0,"pX":10.25,"scX":1,"skY":0,"skX":0},"name":"knightFolder/arrow_2","type":"image"}],"parent":"arrow_2"},{"name":"arrow_3","z":14,"display":[{"transform":{"pY":12.5,"scY":1,"x":0,"y":0,"pX":10.45,"scX":1,"skY":0,"skX":0},"name":"knightFolder/arrow_3","type":"image"}],"parent":"arrow_3"}]}],"bone":[{"transform":{"scY":1,"scX":1,"x":180,"skY":0,"skX":0,"y":240},"name":"arrow_3"},{"transform":{"scY":1,"scX":1,"x":180,"skY":0,"skX":0,"y":220},"name":"arrow_2"},{"transform":{"scY":1,"scX":1,"x":180,"skY":0,"skX":0,"y":200},"name":"arrow_1"},{"transform":{"scY":1,"scX":1,"x":170,"skY":0,"skX":0,"y":320},"name":"bow_3"},{"transform":{"scY":1,"scX":1,"x":135,"skY":0,"skX":0,"y":220},"name":"bow_1"},{"transform":{"scY":1,"scX":1,"x":136.55,"skY":0,"skX":0,"y":271},"name":"bow_2"},{"transform":{"scY":1,"scX":1,"x":8,"skY":0,"skX":0,"y":175},"name":"axe_1"},{"transform":{"scY":1,"scX":1,"x":5,"skY":0,"skX":0,"y":230},"name":"axe_2"},{"transform":{"scY":1,"scX":1,"x":7,"skY":0,"skX":0,"y":297},"name":"axe_3"},{"transform":{"scY":1,"scX":1,"x":30,"skY":0,"skX":0,"y":100},"name":"pike_1"},{"transform":{"scY":1,"scX":1,"x":30,"skY":0,"skX":-0.01,"y":150},"name":"pike_3"},{"transform":{"scY":1,"scX":1,"x":30,"skY":0,"skX":-0.01,"y":120},"name":"pike_2"},{"transform":{"scY":1,"scX":1,"x":8,"skY":0,"skX":0,"y":9},"name":"sword_1"},{"transform":{"scY":1,"scX":1,"x":14,"skY":0,"skX":0,"y":67},"name":"sword_3"},{"transform":{"scY":1,"scX":1,"x":10,"skY":0,"skX":0,"y":34},"name":"sword_2"}],"name":"images","animation":[{"name":1,"scale":1,"loop":1,"timeline":[{"name":"sword_2","scale":1,"frame":[{"transform":{"pY":0,"scY":1,"x":10,"y":34,"pX":0,"scX":1,"skY":0,"skX":0},"z":0,"duration":1}],"offset":0},{"name":"sword_3","scale":1,"frame":[{"transform":{"pY":0,"scY":1,"x":14,"y":67,"pX":0,"scX":1,"skY":0,"skX":0},"z":1,"duration":1}],"offset":0},{"name":"sword_1","scale":1,"frame":[{"transform":{"pY":0,"scY":1,"x":8,"y":9,"pX":0,"scX":1,"skY":0,"skX":0},"z":2,"duration":1}],"offset":0},{"name":"pike_2","scale":1,"frame":[{"transform":{"pY":0,"scY":1,"x":30,"y":120,"pX":0,"scX":1,"skY":0,"skX":-0.01},"z":3,"duration":1}],"offset":0},{"name":"pike_3","scale":1,"frame":[{"transform":{"pY":0,"scY":1,"x":30,"y":150,"pX":0,"scX":1,"skY":0,"skX":-0.01},"z":4,"duration":1}],"offset":0},{"name":"pike_1","scale":1,"frame":[{"transform":{"pY":0,"scY":1,"x":30,"y":100,"pX":0,"scX":1,"skY":0,"skX":0},"z":5,"duration":1}],"offset":0},{"name":"axe_3","scale":1,"frame":[{"transform":{"pY":0,"scY":1,"x":7,"y":297,"pX":0,"scX":1,"skY":0,"skX":0},"z":6,"duration":1}],"offset":0},{"name":"axe_2","scale":1,"frame":[{"transform":{"pY":0,"scY":1,"x":5,"y":230,"pX":0,"scX":1,"skY":0,"skX":0},"z":7,"duration":1}],"offset":0},{"name":"axe_1","scale":1,"frame":[{"transform":{"pY":0,"scY":1,"x":8,"y":175,"pX":0,"scX":1,"skY":0,"skX":0},"z":8,"duration":1}],"offset":0},{"name":"bow_2","scale":1,"frame":[{"transform":{"pY":0,"scY":1,"x":136.55,"y":271,"pX":0,"scX":1,"skY":0,"skX":0},"z":9,"duration":1}],"offset":0},{"name":"bow_1","scale":1,"frame":[{"transform":{"pY":0,"scY":1,"x":135,"y":220,"pX":0,"scX":1,"skY":0,"skX":0},"z":10,"duration":1}],"offset":0},{"name":"bow_3","scale":1,"frame":[{"transform":{"pY":0,"scY":1,"x":170,"y":320,"pX":0,"scX":1,"skY":0,"skX":0},"z":11,"duration":1}],"offset":0},{"name":"arrow_1","scale":1,"frame":[{"transform":{"pY":0,"scY":1,"x":180,"y":200,"pX":0,"scX":1,"skY":0,"skX":0},"z":12,"duration":1}],"offset":0},{"name":"arrow_2","scale":1,"frame":[{"transform":{"pY":0,"scY":1,"x":180,"y":220,"pX":0,"scX":1,"skY":0,"skX":0},"z":13,"duration":1}],"offset":0},{"name":"arrow_3","scale":1,"frame":[{"transform":{"pY":0,"scY":1,"x":180,"y":240,"pX":0,"scX":1,"skY":0,"skX":0},"z":14,"duration":1}],"offset":0}],"fadeInTime":0.3,"duration":1,"tweenEasing":null}]}]}