<dragonBones name="Warrior" frameRate="24" version="2.3">
  <armature name="warrior">
    <bone name="outerarm_upper" parent="upperbody">
      <transform x="7.55" y="-128.6" skX="-14.78" skY="-14.78" scX="1" scY="1"/>
    </bone>
    <bone name="outerarm_lower" parent="outerarm_upper">
      <transform x="42.95" y="-51.1" skX="-14.78" skY="-14.78" scX="1" scY="1"/>
    </bone>
    <bone name="outerarm_hand" parent="outerarm_lower">
      <transform x="33.75" y="15.65" skX="-14.78" skY="-14.78" scX="1" scY="1"/>
    </bone>
    <bone name="lowerbody">
      <transform x="-0.65" y="4.95" skX="0" skY="0" scX="1" scY="1"/>
    </bone>
    <bone name="outerleg_foot" parent="outerleg_lower">
      <transform x="47.35" y="201.55" skX="0" skY="0" scX="1" scY="1"/>
    </bone>
    <bone name="outerleg_lower" parent="outerleg_upper">
      <transform x="31.3" y="123.3" skX="0" skY="0" scX="1" scY="1"/>
    </bone>
    <bone name="outerleg_upper" parent="lowerbody">
      <transform x="-10.85" y="2.15" skX="-53.41" skY="-53.41" scX="1" scY="1"/>
    </bone>
    <bone name="upperbody" parent="lowerbody">
      <transform x="-16.25" y="-55.45" skX="0" skY="0" scX="1" scY="1"/>
    </bone>
    <bone name="head" parent="upperbody">
      <transform x="0" y="-143" skX="0" skY="0" scX="1" scY="1"/>
    </bone>
    <bone name="innerleg_foot" parent="innerleg_lower">
      <transform x="-22.9" y="199.15" skX="0" skY="-1.51" scX="1" scY="1"/>
    </bone>
    <bone name="innerleg_lower" parent="innerleg_upper">
      <transform x="-21.3" y="122.15" skX="6.27" skY="4.76" scX="1" scY="1"/>
    </bone>
    <bone name="innerleg_upper" parent="lowerbody">
      <transform x="-2.25" y="-7.6" skX="12.01" skY="12.01" scX="1" scY="1"/>
    </bone>
    <bone name="innerweapon" parent="innerarm_hand">
      <transform x="-96.1" y="-1.9" skX="-64.7" skY="-64.7" scX="1" scY="1"/>
    </bone>
    <bone name="innerarm_upper" parent="upperbody">
      <transform x="-20.65" y="-118.75" skX="-29.82" skY="-29.83" scX="1" scY="1"/>
    </bone>
    <bone name="innerarm_lower" parent="innerarm_upper">
      <transform x="-38.5" y="-60.4" skX="-24.05" skY="-24.05" scX="1" scY="1"/>
    </bone>
    <bone name="innerarm_hand" parent="innerarm_lower">
      <transform x="-82.95" y="-12.7" skX="-14.78" skY="-14.78" scX="1" scY="1"/>
    </bone>
    <skin name="">
      <slot name="innerarm_hand" parent="innerarm_hand" z="0">
        <display name="warriorFolder/innerarm_hand" type="image">
          <transform x="-37.3" y="-15" skX="0" skY="0" scX="1" scY="1" pX="0" pY="0"/>
        </display>
      </slot>
      <slot name="innerarm_lower" parent="innerarm_lower" z="1">
        <display name="warriorFolder/innerarm_lower" type="image">
          <transform x="-65.4" y="-16.35" skX="0" skY="0" scX="1" scY="1" pX="0" pY="0"/>
        </display>
      </slot>
      <slot name="innerarm_upper" parent="innerarm_upper" z="2">
        <display name="warriorFolder/innerarm_upper" type="image">
          <transform x="-58.35" y="-30.5" skX="0" skY="0" scX="1" scY="1" pX="0" pY="0"/>
        </display>
      </slot>
      <slot name="innerweapon" parent="innerweapon" z="3">
        <display name="warriorFolder/innerweapon" type="image">
          <transform x="-21.35" y="-51.35" skX="0" skY="0" scX="1" scY="1" pX="0" pY="0"/>
        </display>
      </slot>
      <slot name="innerleg_upper" parent="innerleg_upper" z="4">
        <display name="warriorFolder/innerleg_upper" type="image">
          <transform x="-42.1" y="-19.6" skX="0" skY="0" scX="1" scY="1" pX="0" pY="0"/>
        </display>
      </slot>
      <slot name="innerleg_lower" parent="innerleg_lower" z="5">
        <display name="warriorFolder/innerleg_lower" type="image">
          <transform x="-33.8" y="-24.2" skX="0" skY="0" scX="1" scY="1" pX="0" pY="0"/>
        </display>
      </slot>
      <slot name="innerleg_foot" parent="innerleg_foot" z="6">
        <display name="warriorFolder/innerleg_foot" type="image">
          <transform x="-64.1" y="-11.9" skX="0" skY="0" scX="1" scY="1" pX="0" pY="0"/>
        </display>
      </slot>
      <slot name="head" parent="head" z="7">
        <display name="warriorFolder/head" type="image">
          <transform x="-55.65" y="-87.65" skX="0" skY="0" scX="1" scY="1" pX="0" pY="0"/>
        </display>
      </slot>
      <slot name="upperbody" parent="upperbody" z="8">
        <display name="warriorFolder/upperbody" type="image">
          <transform x="-45" y="-107.6" skX="0" skY="0" scX="1" scY="1" pX="0" pY="0"/>
        </display>
      </slot>
      <slot name="outerleg_upper" parent="outerleg_upper" z="9">
        <display name="warriorFolder/outerleg_upper" type="image">
          <transform x="-82.1" y="-24.95" skX="0" skY="0" scX="1" scY="1" pX="0" pY="0"/>
        </display>
      </slot>
      <slot name="outerleg_lower" parent="outerleg_lower" z="10">
        <display name="warriorFolder/outerleg_lower" type="image">
          <transform x="-37" y="-24.3" skX="0" skY="0" scX="1" scY="1" pX="0" pY="0"/>
        </display>
      </slot>
      <slot name="outerleg_foot" parent="outerleg_foot" z="11">
        <display name="warriorFolder/outerleg_foot" type="image">
          <transform x="-62.9" y="-7.9" skX="0" skY="0" scX="1" scY="1" pX="0" pY="0"/>
        </display>
      </slot>
      <slot name="lowerbody" parent="lowerbody" z="12">
        <display name="warriorFolder/lowerbody" type="image">
          <transform x="-57" y="-94.35" skX="0" skY="0" scX="1" scY="1" pX="0" pY="0"/>
        </display>
      </slot>
      <slot name="outerarm_hand" parent="outerarm_hand" z="16">
        <display name="warriorFolder/outerarm_hand" type="image">
          <transform x="-31.65" y="-10.1" skX="0" skY="0" scX="1" scY="1" pX="0" pY="0"/>
        </display>
      </slot>
      <slot name="outerarm_lower" parent="outerarm_lower" z="17">
        <display name="warriorFolder/outerarm_lower" type="image">
          <transform x="-38.25" y="-12.1" skX="0" skY="0" scX="1" scY="1" pX="0" pY="0"/>
        </display>
      </slot>
      <slot name="outerarm_upper" parent="outerarm_upper" z="18">
        <display name="warriorFolder/outerarm_upper" type="image">
          <transform x="-29.85" y="-21.15" skX="0" skY="0" scX="1" scY="1" pX="0" pY="0"/>
        </display>
      </slot>
    </skin>
    <animation name="ready" fadeInTime="0.25" duration="6" scale="8" loop="0" tweenEasing="NaN">
      <timeline name="innerarm_hand" scale="1" offset="0">
        <frame z="0" duration="3">
          <transform x="-82.95" y="-12.7" skX="-14.78" skY="-14.78" scX="1" scY="1" pX="0" pY="0"/>
        </frame>
        <frame z="0" duration="3">
          <transform x="-79.75" y="-24.15" skX="-6.01" skY="-6.01" scX="1" scY="1" pX="0" pY="0.05"/>
        </frame>
      </timeline>
      <timeline name="innerarm_lower" scale="1" offset="0">
        <frame z="1" duration="3">
          <transform x="-38.5" y="-60.4" skX="-24.05" skY="-24.05" scX="1" scY="1" pX="0" pY="0"/>
        </frame>
        <frame z="1" duration="3">
          <transform x="-34.55" y="-71.2" skX="-23.05" skY="-23.05" scX="1" scY="1" pX="-0.05" pY="0.05"/>
        </frame>
      </timeline>
      <timeline name="innerarm_upper" scale="1" offset="0.75">
        <frame z="2" duration="3">
          <transform x="-20.65" y="-118.75" skX="-29.82" skY="-29.83" scX="1" scY="1" pX="0" pY="0"/>
        </frame>
        <frame z="2" duration="3">
          <transform x="-11.35" y="-127.95" skX="-24.04" skY="-24.04" scX="1" scY="1" pX="0.1" pY="0.05"/>
        </frame>
      </timeline>
      <timeline name="innerweapon" scale="1" offset="0">
        <frame z="3" duration="3">
          <transform x="-96.1" y="-1.9" skX="-64.7" skY="-64.7" scX="1" scY="1" pX="0" pY="0"/>
        </frame>
        <frame z="3" duration="3">
          <transform x="-95.7" y="-16.85" skX="-58.67" skY="-58.67" scX="1" scY="1" pX="-0.1" pY="-0.1"/>
        </frame>
      </timeline>
      <timeline name="innerleg_upper" scale="1" offset="0">
        <frame z="4" duration="3">
          <transform x="-2.25" y="-7.6" skX="12.01" skY="12.01" scX="1" scY="1" pX="0" pY="0"/>
        </frame>
        <frame z="4" duration="3">
          <transform x="0.1" y="-7.55" skX="7.76" skY="7.76" scX="1" scY="1" pX="-0.2" pY="-0.1"/>
        </frame>
      </timeline>
      <timeline name="innerleg_lower" scale="1" offset="0">
        <frame z="5" duration="3">
          <transform x="-21.3" y="122.15" skX="6.27" skY="4.76" scX="1" scY="1" pX="0" pY="0"/>
        </frame>
        <frame z="5" duration="3">
          <transform x="-13.85" y="122.2" skX="12.52" skY="11.01" scX="1" scY="1" pX="0" pY="-0.1"/>
        </frame>
      </timeline>
      <timeline name="innerleg_foot" scale="1" offset="0">
        <frame z="6" duration="3">
          <transform x="-22.9" y="199.15" skX="0" skY="-1.51" scX="1" scY="1" pX="0" pY="0"/>
        </frame>
        <frame z="6" duration="3">
          <transform x="-23.1" y="199.2" skX="0" skY="-1.51" scX="1" scY="1" pX="0" pY="0"/>
        </frame>
      </timeline>
      <timeline name="head" scale="1" offset="0">
        <frame z="7" duration="3">
          <transform x="0" y="-143" skX="0" skY="0" scX="1" scY="1" pX="0" pY="0"/>
        </frame>
        <frame z="7" duration="3">
          <transform x="5" y="-144" skX="0.01" skY="0.01" scX="1" scY="1" pX="0.45" pY="-4.1"/>
        </frame>
      </timeline>
      <timeline name="upperbody" scale="1" offset="0">
        <frame z="8" duration="3">
          <transform x="-16.25" y="-55.45" skX="0" skY="0" scX="1" scY="1" pX="0" pY="0"/>
        </frame>
        <frame z="8" duration="3">
          <transform x="-14.05" y="-59.8" skX="2.77" skY="2.76" scX="1" scY="1" pX="0.05" pY="0.05"/>
        </frame>
      </timeline>
      <timeline name="outerleg_upper" scale="1" offset="0">
        <frame z="9" duration="3">
          <transform x="-10.85" y="2.15" skX="-53.41" skY="-53.41" scX="1" scY="1" pX="0" pY="0"/>
        </frame>
        <frame z="9" duration="3">
          <transform x="-8.65" y="2.1" skX="-56.68" skY="-56.67" scX="1" scY="1" pX="0.05" pY="0"/>
        </frame>
      </timeline>
      <timeline name="outerleg_lower" scale="1" offset="0">
        <frame z="10" duration="3">
          <transform x="31.3" y="123.3" skX="0" skY="0" scX="1" scY="1" pX="0" pY="0"/>
        </frame>
        <frame z="10" duration="3">
          <transform x="35.5" y="123.1" skX="3.02" skY="3.02" scX="1" scY="1" pX="0.05" pY="0.05"/>
        </frame>
      </timeline>
      <timeline name="outerleg_foot" scale="1" offset="0">
        <frame z="11" duration="3">
          <transform x="47.35" y="201.55" skX="0" skY="0" scX="1" scY="1" pX="0" pY="0"/>
        </frame>
        <frame z="11" duration="3">
          <transform x="47.75" y="201.55" skX="0" skY="0" scX="1" scY="1" pX="0" pY="0"/>
        </frame>
      </timeline>
      <timeline name="lowerbody" scale="1" offset="0">
        <frame z="12" duration="3">
          <transform x="-0.65" y="4.95" skX="0" skY="0" scX="1" scY="1" pX="0" pY="0"/>
        </frame>
        <frame z="12" duration="3">
          <transform x="1.55" y="0.95" skX="0" skY="0" scX="1" scY="1" pX="0" pY="0"/>
        </frame>
      </timeline>
      <timeline name="outerarm_hand" scale="1" offset="0">
        <frame z="16" duration="3">
          <transform x="33.75" y="15.65" skX="-14.78" skY="-14.78" scX="1" scY="1" pX="0" pY="0"/>
        </frame>
        <frame z="16" duration="3">
          <transform x="39.7" y="12.9" skX="-16.77" skY="-16.77" scX="1" scY="1" pX="0.05" pY="0.05"/>
        </frame>
      </timeline>
      <timeline name="outerarm_lower" scale="1" offset="0">
        <frame z="17" duration="3">
          <transform x="42.95" y="-51.1" skX="-14.78" skY="-14.78" scX="1" scY="1" pX="0" pY="0"/>
        </frame>
        <frame z="17" duration="3">
          <transform x="46.6" y="-54" skX="-16.77" skY="-16.77" scX="1" scY="1" pX="0.15" pY="0"/>
        </frame>
      </timeline>
      <timeline name="outerarm_upper" scale="1" offset="0.8">
        <frame z="18" duration="3">
          <transform x="7.55" y="-128.6" skX="-14.78" skY="-14.78" scX="1" scY="1" pX="0" pY="0"/>
        </frame>
        <frame z="18" duration="3">
          <transform x="16.4" y="-133.9" skX="-11.01" skY="-11.01" scX="1" scY="1" pX="0" pY="0"/>
        </frame>
      </timeline>
    </animation>
    <animation name="readyWeapon" fadeInTime="0.25" duration="6" scale="8" loop="0" tweenEasing="NaN">
      <timeline name="innerarm_hand" scale="1" offset="0">
        <frame z="0" duration="3">
          <transform x="-89.7" y="-14.85" skX="-62.69" skY="-62.69" scX="1" scY="1" pX="0.05" pY="-0.1"/>
        </frame>
        <frame z="0" duration="3">
          <transform x="-81.45" y="-20.85" skX="-62.69" skY="-62.69" scX="1" scY="1" pX="0" pY="-0.05"/>
        </frame>
      </timeline>
      <timeline name="innerarm_lower" scale="1" offset="0">
        <frame z="1" duration="3">
          <transform x="-49.05" y="-64.65" skX="-26.8" skY="-26.8" scX="1" scY="1" pX="0.05" pY="0.1"/>
        </frame>
        <frame z="1" duration="3">
          <transform x="-40.9" y="-70.7" skX="-26.8" skY="-26.8" scX="1" scY="1" pX="0" pY="0.1"/>
        </frame>
      </timeline>
      <timeline name="innerarm_upper" scale="1" offset="0">
        <frame z="2" duration="3">
          <transform x="-20.7" y="-118.75" skX="-17.53" skY="-17.53" scX="1" scY="1" pX="0.05" pY="0.05"/>
        </frame>
        <frame z="2" duration="3">
          <transform x="-12.4" y="-124.75" skX="-17.53" skY="-17.53" scX="1" scY="1" pX="0.05" pY="0.05"/>
        </frame>
      </timeline>
      <timeline name="innerweapon" scale="1" offset="0">
        <frame z="3" duration="3">
          <transform x="-92.75" y="1" skX="58.92" skY="58.92" scX="1" scY="1" pX="-0.05" pY="0"/>
        </frame>
        <frame z="3" duration="3">
          <transform x="-84.6" y="-4.95" skX="58.92" skY="58.92" scX="1" scY="1" pX="-0.05" pY="-0.05"/>
        </frame>
      </timeline>
      <timeline name="innerleg_upper" scale="1" offset="0">
        <frame z="4" duration="3">
          <transform x="-2.25" y="-7.6" skX="12.01" skY="12.01" scX="1" scY="1" pX="0" pY="0"/>
        </frame>
        <frame z="4" duration="3">
          <transform x="0.1" y="-7.55" skX="7.76" skY="7.76" scX="1" scY="1" pX="-0.2" pY="-0.1"/>
        </frame>
      </timeline>
      <timeline name="innerleg_lower" scale="1" offset="0">
        <frame z="5" duration="3">
          <transform x="-21.3" y="122.15" skX="6.27" skY="4.76" scX="1" scY="1" pX="0" pY="0"/>
        </frame>
        <frame z="5" duration="3">
          <transform x="-13.85" y="122.2" skX="12.52" skY="11.01" scX="1" scY="1" pX="0" pY="-0.1"/>
        </frame>
      </timeline>
      <timeline name="innerleg_foot" scale="1" offset="0">
        <frame z="6" duration="3">
          <transform x="-22.9" y="199.15" skX="0" skY="-1.51" scX="1" scY="1" pX="0" pY="0"/>
        </frame>
        <frame z="6" duration="3">
          <transform x="-23.1" y="199.2" skX="0" skY="-1.51" scX="1" scY="1" pX="0" pY="0"/>
        </frame>
      </timeline>
      <timeline name="head" scale="1" offset="0">
        <frame z="7" duration="3">
          <transform x="0" y="-140" skX="0" skY="0" scX="1" scY="1" pX="0" pY="-3"/>
        </frame>
        <frame z="7" duration="3">
          <transform x="6" y="-146" skX="0.01" skY="0.01" scX="1" scY="1" pX="0.45" pY="-1.1"/>
        </frame>
      </timeline>
      <timeline name="upperbody" scale="1" offset="0">
        <frame z="8" duration="3">
          <transform x="-16.25" y="-55.45" skX="0" skY="0" scX="1" scY="1" pX="0" pY="0"/>
        </frame>
        <frame z="8" duration="3">
          <transform x="-14.05" y="-59.8" skX="2.77" skY="2.76" scX="1" scY="1" pX="0.05" pY="0.05"/>
        </frame>
      </timeline>
      <timeline name="outerleg_upper" scale="1" offset="0">
        <frame z="9" duration="3">
          <transform x="-10.85" y="2.15" skX="-53.41" skY="-53.41" scX="1" scY="1" pX="0" pY="0"/>
        </frame>
        <frame z="9" duration="3">
          <transform x="-8.65" y="2.1" skX="-56.68" skY="-56.67" scX="1" scY="1" pX="0.05" pY="0"/>
        </frame>
      </timeline>
      <timeline name="outerleg_lower" scale="1" offset="0">
        <frame z="10" duration="3">
          <transform x="31.3" y="123.3" skX="0" skY="0" scX="1" scY="1" pX="0" pY="0"/>
        </frame>
        <frame z="10" duration="3">
          <transform x="35.5" y="123.1" skX="3.02" skY="3.02" scX="1" scY="1" pX="0.05" pY="0.05"/>
        </frame>
      </timeline>
      <timeline name="outerleg_foot" scale="1" offset="0">
        <frame z="11" duration="3">
          <transform x="47.35" y="201.55" skX="0" skY="0" scX="1" scY="1" pX="0" pY="0"/>
        </frame>
        <frame z="11" duration="3">
          <transform x="47.75" y="201.55" skX="0" skY="0" scX="1" scY="1" pX="0" pY="0"/>
        </frame>
      </timeline>
      <timeline name="lowerbody" scale="1" offset="0">
        <frame z="12" duration="3">
          <transform x="-0.65" y="4.95" skX="0" skY="0" scX="1" scY="1" pX="0" pY="0"/>
        </frame>
        <frame z="12" duration="3">
          <transform x="1.55" y="0.95" skX="0" skY="0" scX="1" scY="1" pX="0" pY="0"/>
        </frame>
      </timeline>
      <timeline name="outerarm_hand" scale="1" offset="0">
        <frame z="16" duration="3">
          <transform x="33.75" y="15.65" skX="-14.78" skY="-14.78" scX="1" scY="1" pX="0" pY="0"/>
        </frame>
        <frame z="16" duration="3">
          <transform x="39.7" y="12.9" skX="-16.77" skY="-16.77" scX="1" scY="1" pX="0.05" pY="0.05"/>
        </frame>
      </timeline>
      <timeline name="outerarm_lower" scale="1" offset="0">
        <frame z="17" duration="3">
          <transform x="42.95" y="-51.1" skX="-14.78" skY="-14.78" scX="1" scY="1" pX="0" pY="0"/>
        </frame>
        <frame z="17" duration="3">
          <transform x="46.6" y="-54" skX="-16.77" skY="-16.77" scX="1" scY="1" pX="0.15" pY="0"/>
        </frame>
      </timeline>
      <timeline name="outerarm_upper" scale="1" offset="0.2">
        <frame z="18" duration="3">
          <transform x="7.55" y="-128.6" skX="-14.78" skY="-14.78" scX="1" scY="1" pX="0" pY="0"/>
        </frame>
        <frame z="18" duration="3">
          <transform x="16.4" y="-133.9" skX="-11.01" skY="-11.01" scX="1" scY="1" pX="0" pY="0"/>
        </frame>
      </timeline>
    </animation>
    <animation name="squat" fadeInTime="0.3" duration="3" scale="1" loop="1" tweenEasing="NaN">
      <timeline name="innerarm_hand" scale="1" offset="0">
        <frame z="0" duration="3">
          <transform x="-119.75" y="27.95" skX="57.43" skY="57.43" scX="1" scY="1" pX="0.05" pY="0.05"/>
        </frame>
      </timeline>
      <timeline name="innerarm_lower" scale="1" offset="0">
        <frame z="1" duration="3">
          <transform x="-65.35" y="55.9" skX="52.41" skY="52.41" scX="1" scY="1" pX="-0.1" pY="0.15"/>
        </frame>
      </timeline>
      <timeline name="innerarm_upper" scale="1" offset="0">
        <frame z="2" duration="3">
          <transform x="-16.05" y="42.65" skX="33.82" skY="33.82" scX="1" scY="1" pX="0.1" pY="0"/>
        </frame>
      </timeline>
      <timeline name="innerweapon" scale="1" offset="0">
        <frame z="3" duration="3">
          <transform x="-132.2" y="10.85" skX="17.79" skY="17.79" scX="1" scY="1" pX="0" pY="-0.05"/>
        </frame>
      </timeline>
      <timeline name="innerleg_upper" scale="1" offset="0">
        <frame z="4" duration="3">
          <transform x="-1.6" y="167.2" skX="127.84" skY="127.84" scX="1" scY="1" pX="-0.05" pY="0"/>
        </frame>
      </timeline>
      <timeline name="innerleg_lower" scale="1" offset="0">
        <frame z="5" duration="3">
          <transform x="-92.65" y="127.6" skX="-2.26" skY="-3.76" scX="1" scY="1" pX="0.1" pY="-0.05"/>
        </frame>
      </timeline>
      <timeline name="innerleg_foot" scale="1" offset="0">
        <frame z="6" duration="3">
          <transform x="-83.1" y="199.5" skX="0" skY="-1.51" scX="1" scY="1" pX="0" pY="0"/>
        </frame>
      </timeline>
      <timeline name="head" scale="1" offset="0">
        <frame z="7" duration="3">
          <transform x="-4" y="10" skX="-14.99" skY="-14.99" scX="1" scY="1" pX="-0.7" pY="1.45"/>
        </frame>
      </timeline>
      <timeline name="upperbody" scale="1" offset="0">
        <frame z="8" duration="3">
          <transform x="20.3" y="92.25" skX="-27.05" skY="-27.05" scX="1" scY="1" pX="0" pY="0.05"/>
        </frame>
      </timeline>
      <timeline name="outerleg_upper" scale="1" offset="0">
        <frame z="9" duration="3">
          <transform x="9.05" y="122.2" skX="-11.52" skY="-11.52" scX="1" scY="1" pX="-0.05" pY="0"/>
        </frame>
      </timeline>
      <timeline name="outerleg_lower" scale="1" offset="0">
        <frame z="10" duration="3">
          <transform x="-6.8" y="216.8" skX="-81.48" skY="-81.48" scX="1" scY="1" pX="-0.05" pY="0"/>
        </frame>
      </timeline>
      <timeline name="outerleg_foot" scale="1" offset="0">
        <frame z="11" duration="3">
          <transform x="69.95" y="212.6" skX="-119.82" skY="-119.83" scX="1" scY="1" pX="0" pY="0.05"/>
        </frame>
      </timeline>
      <timeline name="lowerbody" scale="1" offset="0">
        <frame z="12" duration="3">
          <transform x="11.05" y="139.2" skX="14.78" skY="14.78" scX="1" scY="1" pX="0.05" pY="0"/>
        </frame>
      </timeline>
      <timeline name="outerarm_hand" scale="1" offset="0">
        <frame z="16" duration="3">
          <transform x="104.15" y="120.95" skX="-31.82" skY="-31.81" scX="1" scY="1" pX="-0.05" pY="0"/>
        </frame>
      </timeline>
      <timeline name="outerarm_lower" scale="1" offset="0">
        <frame z="17" duration="3">
          <transform x="76.65" y="59.4" skX="-46.87" skY="-46.88" scX="1" scY="1" pX="0.15" pY="0"/>
        </frame>
      </timeline>
      <timeline name="outerarm_upper" scale="1" offset="0">
        <frame z="18" duration="3">
          <transform x="8.5" y="24.5" skX="-56.16" skY="-56.16" scX="1" scY="1" pX="0.05" pY="0.1"/>
        </frame>
      </timeline>
    </animation>
    <animation name="run" fadeInTime="0.25" duration="6" scale="3.17" loop="0" tweenEasing="NaN">
      <timeline name="innerarm_hand" scale="1" offset="0">
        <frame z="0" duration="3">
          <transform x="-116.2" y="-102.6" skX="-6.76" skY="-6.76" scX="1" scY="1" pX="0" pY="0.1"/>
        </frame>
        <frame z="0" duration="3">
          <transform x="-79" y="-45.3" skX="-14.78" skY="-14.78" scX="1" scY="1" pX="0.05" pY="0"/>
        </frame>
      </timeline>
      <timeline name="innerarm_lower" scale="1" offset="0">
        <frame z="1" duration="3">
          <transform x="-65.55" y="-143.75" skX="-15.78" skY="-15.78" scX="1" scY="1" pX="-0.05" pY="0.15"/>
        </frame>
        <frame z="1" duration="3">
          <transform x="-34.4" y="-93.2" skX="-24.05" skY="-24.05" scX="1" scY="1" pX="0" pY="0.1"/>
        </frame>
      </timeline>
      <timeline name="innerarm_upper" scale="1" offset="0.05">
        <frame z="2" duration="3">
          <transform x="-113.4" y="-174.95" skX="-87.24" skY="-87.25" scX="1" scY="1" pX="0.1" pY="0.05"/>
        </frame>
        <frame z="2" duration="3">
          <transform x="-86.15" y="-117.65" skX="-95.26" skY="-95.26" scX="1" scY="1" pX="0.1" pY="0"/>
        </frame>
      </timeline>
      <timeline name="innerweapon" scale="1" offset="0">
        <frame z="3" duration="3">
          <transform x="-130.8" y="-94.8" skX="-99.27" skY="-99.27" scX="1" scY="1" pX="-0.05" pY="-0.05"/>
        </frame>
        <frame z="3" duration="3">
          <transform x="-91.95" y="-35.6" skX="-100.52" skY="-100.52" scX="1" scY="1" pX="0" pY="-0.05"/>
        </frame>
      </timeline>
      <timeline name="innerleg_upper" scale="1" offset="0">
        <frame z="4" duration="3">
          <transform x="-12.7" y="-51.4" skX="-76.97" skY="-76.97" scX="1" scY="1" pX="-0.1" pY="-0.1"/>
        </frame>
        <frame z="4" duration="3">
          <transform x="-12.65" y="10.5" skX="81.99" skY="81.99" scX="1" scY="1" pX="-0.05" pY="-0.1"/>
        </frame>
      </timeline>
      <timeline name="innerleg_lower" scale="1" offset="0.1">
        <frame z="5" duration="3">
          <transform x="101.95" y="-29.7" skX="-64.45" skY="-66.2" scX="1" scY="1" pX="0.05" pY="-0.1"/>
        </frame>
        <frame z="5" duration="3">
          <transform x="-120.7" y="48" skX="-49.4" skY="-51.15" scX="1" scY="1" pX="0.05" pY="-0.05"/>
        </frame>
      </timeline>
      <timeline name="innerleg_foot" scale="1" offset="0">
        <frame z="6" duration="3">
          <transform x="171.15" y="0.55" skX="-114.29" skY="-115.81" scX="1" scY="1" pX="0.05" pY="0.1"/>
        </frame>
        <frame z="6" duration="3">
          <transform x="-47.15" y="103.1" skX="0" skY="-1.51" scX="1" scY="1" pX="0" pY="0"/>
        </frame>
      </timeline>
      <timeline name="head" scale="0.5" offset="0.1">
        <frame z="7" duration="3">
          <transform x="-82.95" y="-190" skX="-12.71" skY="-12.7" scX="1" scY="1" pX="0.35" pY="1.75"/>
        </frame>
        <frame z="7" duration="3">
          <transform x="-95" y="-110.05" skX="-7.02" skY="-7.02" scX="1" scY="1" pX="3.8" pY="2"/>
        </frame>
      </timeline>
      <timeline name="upperbody" scale="0.5" offset="0">
        <frame z="8" duration="3">
          <transform x="-46.8" y="-114.3" skX="-35.58" skY="-35.58" scX="1" scY="1" pX="0" pY="0"/>
        </frame>
        <frame z="8" duration="3">
          <transform x="-46.35" y="-50.2" skX="-45" skY="-45" scX="1" scY="1" pX="0.05" pY="0.05"/>
        </frame>
      </timeline>
      <timeline name="outerleg_upper" scale="1" offset="0">
        <frame z="9" duration="3">
          <transform x="-22.1" y="-50.45" skX="38.35" skY="38.34" scX="1" scY="1" pX="0.05" pY="0.05"/>
        </frame>
        <frame z="9" duration="3">
          <transform x="-16.35" y="3.45" skX="-108.53" skY="-108.54" scX="1" scY="1" pX="0.05" pY="-0.05"/>
        </frame>
      </timeline>
      <timeline name="outerleg_lower" scale="1" offset="0.1">
        <frame z="10" duration="3">
          <transform x="-127.2" y="-4.65" skX="-46.14" skY="-46.14" scX="1" scY="1" pX="0.1" pY="0.05"/>
        </frame>
        <frame z="10" duration="3">
          <transform x="106.85" y="34.6" skX="-61.19" skY="-61.19" scX="1" scY="1" pX="-0.05" pY="0.1"/>
        </frame>
      </timeline>
      <timeline name="outerleg_foot" scale="1" offset="0">
        <frame z="11" duration="3">
          <transform x="-52.3" y="38.95" skX="0.26" skY="0.26" scX="1" scY="1" pX="0.05" pY="-0.05"/>
        </frame>
        <frame z="11" duration="3">
          <transform x="170.55" y="59.85" skX="-112.04" skY="-112.04" scX="1" scY="1" pX="0.05" pY="0.1"/>
        </frame>
      </timeline>
      <timeline name="lowerbody" scale="0.5" offset="0">
        <frame z="12" duration="3">
          <transform x="-0.8" y="-65.35" skX="-21.03" skY="-21.03" scX="1" scY="1" pX="0" pY="0.05"/>
        </frame>
        <frame z="12" duration="3">
          <transform x="-1.15" y="-3.25" skX="-29.82" skY="-29.83" scX="1" scY="1" pX="0.1" pY="-0.05"/>
        </frame>
      </timeline>
      <timeline name="outerarm_hand" scale="1" offset="0">
        <frame z="16" duration="3">
          <transform x="86.65" y="-135.55" skX="-84.99" skY="-84.98" scX="1" scY="1" pX="0" pY="0.05"/>
        </frame>
        <frame z="16" duration="3">
          <transform x="34.65" y="-34.45" skX="-84.99" skY="-84.98" scX="1" scY="1" pX="0" pY="0"/>
        </frame>
      </timeline>
      <timeline name="outerarm_lower" scale="1" offset="0">
        <frame z="17" duration="3">
          <transform x="28.65" y="-165.4" skX="-84.99" skY="-84.98" scX="1" scY="1" pX="0.05" pY="-0.2"/>
        </frame>
        <frame z="17" duration="3">
          <transform x="-13.95" y="-76.65" skX="-69.96" skY="-69.96" scX="1" scY="1" pX="0.1" pY="-0.05"/>
        </frame>
      </timeline>
      <timeline name="outerarm_upper" scale="1" offset="0.05">
        <frame z="18" duration="3">
          <transform x="-55.35" y="-190" skX="-66.2" skY="-66.2" scX="1" scY="1" pX="0" pY="0"/>
        </frame>
        <frame z="18" duration="3">
          <transform x="-93.9" y="-112.75" skX="-58.68" skY="-58.68" scX="1" scY="1" pX="0" pY="0.05"/>
        </frame>
      </timeline>
    </animation>
    <animation name="jump" fadeInTime="0.3" duration="3" scale="1" loop="1" tweenEasing="NaN">
      <timeline name="innerarm_hand" scale="1" offset="0">
        <frame z="0" duration="3">
          <transform x="-60.7" y="-55.2" skX="-14.78" skY="-14.78" scX="1" scY="1" pX="0.1" pY="0"/>
        </frame>
      </timeline>
      <timeline name="innerarm_lower" scale="1" offset="0">
        <frame z="1" duration="3">
          <transform x="-16.35" y="-103.05" skX="-24.05" skY="-24.05" scX="1" scY="1" pX="0" pY="0"/>
        </frame>
      </timeline>
      <timeline name="innerarm_upper" scale="1" offset="0">
        <frame z="2" duration="3">
          <transform x="-68" y="-127.5" skX="-95.26" skY="-95.26" scX="1" scY="1" pX="0.05" pY="0"/>
        </frame>
      </timeline>
      <timeline name="innerweapon" scale="1" offset="0">
        <frame z="3" duration="3">
          <transform x="-73.85" y="-45.4" skX="-100.52" skY="-100.52" scX="1" scY="1" pX="-0.1" pY="-0.05"/>
        </frame>
      </timeline>
      <timeline name="innerleg_upper" scale="1" offset="0">
        <frame z="4" duration="3">
          <transform x="13.2" y="-7.55" skX="-17.28" skY="-17.27" scX="1" scY="1" pX="-0.05" pY="0"/>
        </frame>
      </timeline>
      <timeline name="innerleg_lower" scale="1" offset="0">
        <frame z="5" duration="3">
          <transform x="65.5" y="111.4" skX="-22.3" skY="-24.05" scX="1" scY="1" pX="0" pY="-0.05"/>
        </frame>
      </timeline>
      <timeline name="innerleg_foot" scale="1" offset="0">
        <frame z="6" duration="3">
          <transform x="101.4" y="187.2" skX="-59.94" skY="-61.69" scX="1" scY="1" pX="0.05" pY="0.05"/>
        </frame>
      </timeline>
      <timeline name="head" scale="1" offset="0">
        <frame z="7" duration="3">
          <transform x="-48" y="-140" skX="-7.02" skY="-7.02" scX="1" scY="1" pX="-0.45" pY="0.45"/>
        </frame>
      </timeline>
      <timeline name="upperbody" scale="1" offset="0">
        <frame z="8" duration="3">
          <transform x="-31.25" y="-58.4" skX="-22.54" skY="-22.54" scX="1" scY="1" pX="0" pY="0"/>
        </frame>
      </timeline>
      <timeline name="outerleg_upper" scale="1" offset="0">
        <frame z="9" duration="3">
          <transform x="-8.55" y="14.15" skX="38.59" skY="38.59" scX="1" scY="1" pX="0.1" pY="0"/>
        </frame>
      </timeline>
      <timeline name="outerleg_lower" scale="1" offset="0">
        <frame z="10" duration="3">
          <transform x="-111.2" y="64.95" skX="-46.14" skY="-46.14" scX="1" scY="1" pX="0.05" pY="0"/>
        </frame>
      </timeline>
      <timeline name="outerleg_foot" scale="1" offset="0">
        <frame z="11" duration="3">
          <transform x="-47.5" y="105.25" skX="-67.2" skY="-67.2" scX="1" scY="1" pX="0" pY="0.05"/>
        </frame>
      </timeline>
      <timeline name="lowerbody" scale="1" offset="0">
        <frame z="12" duration="3">
          <transform x="-1.1" y="-3.25" skX="-14.78" skY="-14.78" scX="1" scY="1" pX="0" pY="0.1"/>
        </frame>
      </timeline>
      <timeline name="outerarm_hand" scale="1" offset="0">
        <frame z="16" duration="3">
          <transform x="99.55" y="-51.45" skX="-84.99" skY="-84.98" scX="1" scY="1" pX="0.05" pY="0.1"/>
        </frame>
      </timeline>
      <timeline name="outerarm_lower" scale="1" offset="0">
        <frame z="17" duration="3">
          <transform x="56.1" y="-94.5" skX="-69.96" skY="-69.96" scX="1" scY="1" pX="0.05" pY="-0.05"/>
        </frame>
      </timeline>
      <timeline name="outerarm_upper" scale="1" offset="0">
        <frame z="18" duration="3">
          <transform x="-23.7" y="-130.45" skX="-58.68" skY="-58.68" scX="1" scY="1" pX="-0.05" pY="0.05"/>
        </frame>
      </timeline>
    </animation>
    <animation name="fall" fadeInTime="0.3" duration="3" scale="1" loop="1" tweenEasing="NaN">
      <timeline name="innerarm_hand" scale="1" offset="0">
        <frame z="0" duration="3">
          <transform x="-48.75" y="-65.2" skX="-14.78" skY="-14.78" scX="1" scY="1" pX="0.1" pY="0"/>
        </frame>
      </timeline>
      <timeline name="innerarm_lower" scale="1" offset="0">
        <frame z="1" duration="3">
          <transform x="-4.4" y="-113.05" skX="-24.05" skY="-24.05" scX="1" scY="1" pX="0" pY="0.1"/>
        </frame>
      </timeline>
      <timeline name="innerarm_upper" scale="1" offset="0">
        <frame z="2" duration="3">
          <transform x="-56.05" y="-137.4" skX="-95.26" skY="-95.26" scX="1" scY="1" pX="0.05" pY="0.05"/>
        </frame>
      </timeline>
      <timeline name="innerweapon" scale="1" offset="0">
        <frame z="3" duration="3">
          <transform x="-61.8" y="-55.5" skX="-100.52" skY="-100.52" scX="1" scY="1" pX="-0.1" pY="-0.05"/>
        </frame>
      </timeline>
      <timeline name="innerleg_upper" scale="1" offset="0">
        <frame z="4" duration="3">
          <transform x="-10.15" y="3.55" skX="57.68" skY="57.68" scX="1" scY="1" pX="-0.05" pY="-0.1"/>
        </frame>
      </timeline>
      <timeline name="innerleg_lower" scale="1" offset="0">
        <frame z="5" duration="3">
          <transform x="-94.75" y="84.8" skX="-37.35" skY="-39.1" scX="1" scY="1" pX="0.05" pY="-0.05"/>
        </frame>
      </timeline>
      <timeline name="innerleg_foot" scale="1" offset="0">
        <frame z="6" duration="3">
          <transform x="-37.15" y="149.15" skX="-67.21" skY="-68.96" scX="1" scY="1" pX="0" pY="0.05"/>
        </frame>
      </timeline>
      <timeline name="head" scale="1" offset="0">
        <frame z="7" duration="3">
          <transform x="-36" y="-153" skX="-7.02" skY="-7.02" scX="1" scY="1" pX="-0.75" pY="2.4"/>
        </frame>
      </timeline>
      <timeline name="upperbody" scale="1" offset="0">
        <frame z="8" duration="3">
          <transform x="-19.15" y="-68.4" skX="-22.54" skY="-22.54" scX="1" scY="1" pX="0" pY="0"/>
        </frame>
      </timeline>
      <timeline name="outerleg_upper" scale="1" offset="0">
        <frame z="9" duration="3">
          <transform x="-0.1" y="0" skX="-23.3" skY="-23.3" scX="1" scY="1" pX="-0.05" pY="-0.05"/>
        </frame>
      </timeline>
      <timeline name="outerleg_lower" scale="1" offset="0">
        <frame z="10" duration="3">
          <transform x="-13.2" y="126.3" skX="-1.02" skY="-1.01" scX="1" scY="1" pX="0" pY="0.05"/>
        </frame>
      </timeline>
      <timeline name="outerleg_foot" scale="1" offset="0">
        <frame z="11" duration="3">
          <transform x="3.7" y="201.5" skX="-22.04" skY="-22.04" scX="1" scY="1" pX="0" pY="0.05"/>
        </frame>
      </timeline>
      <timeline name="lowerbody" scale="1" offset="0">
        <frame z="12" duration="3">
          <transform x="-0.75" y="-3.1" skX="-5.01" skY="-5" scX="1" scY="1" pX="0" pY="0"/>
        </frame>
      </timeline>
      <timeline name="outerarm_hand" scale="1" offset="0">
        <frame z="16" duration="3">
          <transform x="111.65" y="-61.45" skX="-84.99" skY="-84.98" scX="1" scY="1" pX="0.05" pY="0.05"/>
        </frame>
      </timeline>
      <timeline name="outerarm_lower" scale="1" offset="0">
        <frame z="17" duration="3">
          <transform x="68.15" y="-104.35" skX="-69.96" skY="-69.96" scX="1" scY="1" pX="0.1" pY="-0.05"/>
        </frame>
      </timeline>
      <timeline name="outerarm_upper" scale="1" offset="0">
        <frame z="18" duration="3">
          <transform x="-11.65" y="-140.45" skX="-58.68" skY="-58.68" scX="1" scY="1" pX="0" pY="0"/>
        </frame>
      </timeline>
    </animation>
    <animation name="attack" fadeInTime="0.25" duration="21" scale="2.81" loop="1" tweenEasing="NaN">
      <timeline name="innerarm_hand" scale="1" offset="0">
        <frame z="0" duration="2">
          <transform x="-108.95" y="-209.2" skX="89.27" skY="89.27" scX="1" scY="1" pX="0.1" pY="0.1"/>
        </frame>
        <frame z="13" tweenEasing="0" duration="8">
          <transform x="-108.95" y="-209.2" skX="89.27" skY="89.27" scX="1" scY="1" pX="0.1" pY="0.1"/>
        </frame>
        <frame z="13" duration="11">
          <transform x="-43" y="-9.55" skX="-153.18" skY="-153.18" scX="1" scY="1" pX="0.15" pY="0"/>
        </frame>
      </timeline>
      <timeline name="innerarm_lower" scale="1" offset="0">
        <frame z="1" duration="2">
          <transform x="-66.3" y="-159.85" skX="72.22" skY="72.22" scX="1" scY="1" pX="-0.05" pY="0"/>
        </frame>
        <frame z="14" tweenEasing="0" duration="8">
          <transform x="-66.3" y="-159.85" skX="72.22" skY="72.22" scX="1" scY="1" pX="-0.05" pY="0"/>
        </frame>
        <frame z="14" duration="11">
          <transform x="-90.05" y="-59.6" skX="-110.22" skY="-110.23" scX="1" scY="1" pX="0" pY="-0.05"/>
        </frame>
      </timeline>
      <timeline name="innerarm_upper" scale="1" offset="0">
        <frame z="2" duration="2">
          <transform x="-11.9" y="-131.55" skX="71.23" skY="71.23" scX="1" scY="1" pX="0.1" pY="0.05"/>
        </frame>
        <frame z="2" tweenEasing="0" duration="8">
          <transform x="-11.9" y="-131.55" skX="71.23" skY="71.23" scX="1" scY="1" pX="0.1" pY="0.05"/>
        </frame>
        <frame z="2" duration="11">
          <transform x="-53.75" y="-118.25" skX="-21.22" skY="-21.22" scX="1" scY="1" pX="0.2" pY="0.1"/>
        </frame>
      </timeline>
      <timeline name="innerweapon" scale="1" offset="0">
        <frame z="3" duration="2">
          <transform x="-114.75" y="-225.65" skX="-135.94" skY="-135.94" scX="1" scY="1" pX="-0.1" pY="0.05"/>
        </frame>
        <frame z="15" tweenEasing="0" duration="8">
          <transform x="-114.75" y="-225.65" skX="-135.94" skY="-135.94" scX="1" scY="1" pX="-0.1" pY="0.05"/>
        </frame>
        <frame z="15" duration="11">
          <transform x="-30.05" y="-11" skX="-30.38" skY="-30.38" scX="1" scY="1" pX="-0.25" pY="-0.1"/>
        </frame>
      </timeline>
      <timeline name="innerleg_upper" scale="1" offset="0">
        <frame z="4" duration="2">
          <transform x="0.1" y="-7.55" skX="-12.94" skY="-12.94" scX="1" scY="1" pX="-0.2" pY="-0.1"/>
        </frame>
        <frame z="4" tweenEasing="0" duration="8">
          <transform x="0.1" y="-7.55" skX="-12.94" skY="-12.94" scX="1" scY="1" pX="-0.2" pY="-0.1"/>
        </frame>
        <frame z="4" duration="11">
          <transform x="0.1" y="-7.55" skX="-27.94" skY="-27.94" scX="1" scY="1" pX="-0.25" pY="-0.1"/>
        </frame>
      </timeline>
      <timeline name="innerleg_lower" scale="1" offset="0">
        <frame z="5" duration="2">
          <transform x="27.15" y="117.05" skX="-9.19" skY="-10.7" scX="1" scY="1" pX="-0.05" pY="-0.1"/>
        </frame>
        <frame z="5" tweenEasing="0" duration="8">
          <transform x="27.15" y="117.05" skX="-9.19" skY="-10.7" scX="1" scY="1" pX="-0.05" pY="-0.1"/>
        </frame>
        <frame z="5" duration="11">
          <transform x="79.5" y="100.4" skX="-39.19" skY="-40.7" scX="1" scY="1" pX="0.05" pY="-0.1"/>
        </frame>
      </timeline>
      <timeline name="innerleg_foot" scale="1" offset="0">
        <frame z="6" duration="2">
          <transform x="50.9" y="199.2" skX="0" skY="-1.51" scX="1" scY="1" pX="0" pY="0"/>
        </frame>
        <frame z="6" tweenEasing="0" duration="8">
          <transform x="50.9" y="199.2" skX="0" skY="-1.51" scX="1" scY="1" pX="0" pY="0"/>
        </frame>
        <frame z="6" duration="11">
          <transform x="141.15" y="159.75" skX="-15" skY="-16.51" scX="1" scY="1" pX="0.05" pY="0"/>
        </frame>
      </timeline>
      <timeline name="head" scale="1" offset="0">
        <frame z="7" duration="2">
          <transform x="7" y="-146" skX="0.01" skY="0.01" scX="1" scY="1" pX="-1.55" pY="-2.1"/>
        </frame>
        <frame z="7" tweenEasing="0" duration="8">
          <transform x="7" y="-147" skX="0.01" skY="0.01" scX="1" scY="1" pX="-1.55" pY="-1.1"/>
        </frame>
        <frame z="7" duration="11">
          <transform x="-36.1" y="-140" skX="-17.44" skY="-17.43" scX="1" scY="1" pX="-2.5" pY="-3.35"/>
        </frame>
      </timeline>
      <timeline name="upperbody" scale="1" offset="0">
        <frame z="8" duration="2">
          <transform x="-14.05" y="-59.8" skX="2.77" skY="2.76" scX="1" scY="1" pX="0.05" pY="0.05"/>
        </frame>
        <frame z="8" tweenEasing="0" duration="8">
          <transform x="-14.05" y="-59.8" skX="2.77" skY="2.76" scX="1" scY="1" pX="0.05" pY="0.05"/>
        </frame>
        <frame z="8" duration="11">
          <transform x="-31.6" y="-52.35" skX="-14.68" skY="-14.68" scX="1" scY="1" pX="0.1" pY="0.1"/>
        </frame>
      </timeline>
      <timeline name="outerleg_upper" scale="1" offset="0">
        <frame z="9" duration="2">
          <transform x="-8.6" y="2.1" skX="-6.67" skY="-6.66" scX="1" scY="1" pX="0.1" pY="0"/>
        </frame>
        <frame z="9" tweenEasing="0" duration="8">
          <transform x="-8.6" y="2.1" skX="-6.67" skY="-6.66" scX="1" scY="1" pX="0.1" pY="0"/>
        </frame>
        <frame z="9" duration="11">
          <transform x="-8.6" y="2.1" skX="14.05" skY="14.05" scX="1" scY="1" pX="0.1" pY="0.05"/>
        </frame>
      </timeline>
      <timeline name="outerleg_lower" scale="1" offset="0">
        <frame z="10" duration="2">
          <transform x="-60.85" y="117.45" skX="24.32" skY="24.32" scX="1" scY="1" pX="0.05" pY="0"/>
        </frame>
        <frame z="10" tweenEasing="0" duration="8">
          <transform x="-60.85" y="117.45" skX="24.32" skY="24.32" scX="1" scY="1" pX="0.05" pY="0"/>
        </frame>
        <frame z="10" duration="11">
          <transform x="-79.85" y="93.55" skX="-20.68" skY="-20.68" scX="1" scY="1" pX="0.15" pY="-0.05"/>
        </frame>
      </timeline>
      <timeline name="outerleg_foot" scale="1" offset="0">
        <frame z="11" duration="2">
          <transform x="-77.9" y="194.95" skX="6.3" skY="6.3" scX="1" scY="1" pX="0.05" pY="0.05"/>
        </frame>
        <frame z="11" tweenEasing="0" duration="8">
          <transform x="-77.9" y="194.95" skX="6.3" skY="6.3" scX="1" scY="1" pX="0.05" pY="0.05"/>
        </frame>
        <frame z="11" duration="11">
          <transform x="-26.75" y="166.8" skX="6.3" skY="6.3" scX="1" scY="1" pX="0.05" pY="0"/>
        </frame>
      </timeline>
      <timeline name="lowerbody" scale="1" offset="0">
        <frame z="12" duration="2">
          <transform x="1.55" y="0.95" skX="0" skY="0" scX="1" scY="1" pX="0" pY="0"/>
        </frame>
        <frame z="12" tweenEasing="0" duration="8">
          <transform x="1.55" y="0.95" skX="0" skY="0" scX="1" scY="1" pX="0" pY="0"/>
        </frame>
        <frame z="12" duration="11">
          <transform x="1.55" y="0.95" skX="-17.45" skY="-17.45" scX="1" scY="1" pX="-0.05" pY="0"/>
        </frame>
      </timeline>
      <timeline name="outerarm_hand" scale="1" offset="0">
        <frame z="16" duration="2">
          <transform x="39.7" y="12.9" skX="-16.77" skY="-16.77" scX="1" scY="1" pX="0.05" pY="0.05"/>
        </frame>
        <frame z="16" tweenEasing="0" duration="8">
          <transform x="39.7" y="12.9" skX="-16.77" skY="-16.77" scX="1" scY="1" pX="0.05" pY="0.05"/>
        </frame>
        <frame z="16" duration="11">
          <transform x="64.95" y="-45.6" skX="-16.77" skY="-16.77" scX="1" scY="1" pX="0" pY="0"/>
        </frame>
      </timeline>
      <timeline name="outerarm_lower" scale="1" offset="0">
        <frame z="17" duration="2">
          <transform x="46.6" y="-54" skX="-16.77" skY="-16.77" scX="1" scY="1" pX="0.15" pY="0"/>
        </frame>
        <frame z="17" tweenEasing="0" duration="8">
          <transform x="46.6" y="-54" skX="-16.77" skY="-16.77" scX="1" scY="1" pX="0.15" pY="0"/>
        </frame>
        <frame z="17" duration="11">
          <transform x="48.9" y="-107.95" skX="-34.22" skY="-34.22" scX="1" scY="1" pX="0.15" pY="0"/>
        </frame>
      </timeline>
      <timeline name="outerarm_upper" scale="1" offset="0">
        <frame z="18" duration="2">
          <transform x="16.4" y="-133.9" skX="-11.01" skY="-11.01" scX="1" scY="1" pX="0" pY="0"/>
        </frame>
        <frame z="18" tweenEasing="0" duration="8">
          <transform x="16.4" y="-133.9" skX="-11.01" skY="-11.01" scX="1" scY="1" pX="0" pY="0"/>
        </frame>
        <frame z="18" duration="11">
          <transform x="-24.75" y="-132.2" skX="-73.46" skY="-73.46" scX="1" scY="1" pX="-0.1" pY="0"/>
        </frame>
      </timeline>
      <frame duration="6"/>
      <frame duration="14" event="hitTarget"/>
      <frame duration="1" action="ready"/>
    </animation>
    <animation name="hit" fadeInTime="0.3" duration="8" scale="1" loop="1" tweenEasing="NaN">
      <timeline name="innerarm_hand" scale="1" offset="0">
        <frame z="0" duration="8">
          <transform x="-16.35" y="-47.25" skX="3.46" skY="3.46" scX="1" scY="1" pX="0.05" pY="-0.05"/>
          <colorTransform aO="0" rO="255" gO="0" bO="0" aM="100" rM="100" gM="0" bM="0"/>
        </frame>
      </timeline>
      <timeline name="innerarm_lower" scale="1" offset="0">
        <frame z="1" duration="8">
          <transform x="40.85" y="-78.65" skX="-5.82" skY="-5.82" scX="1" scY="1" pX="-0.1" pY="0.1"/>
          <colorTransform aO="0" rO="255" gO="0" bO="0" aM="100" rM="100" gM="0" bM="0"/>
        </frame>
      </timeline>
      <timeline name="innerarm_upper" scale="1" offset="0">
        <frame z="2" duration="8">
          <transform x="76.05" y="-128.5" skX="-11.59" skY="-11.59" scX="1" scY="1" pX="0.05" pY="0"/>
          <colorTransform aO="0" rO="255" gO="0" bO="0" aM="100" rM="100" gM="0" bM="0"/>
        </frame>
      </timeline>
      <timeline name="innerweapon" scale="1" offset="0">
        <frame z="3" duration="8">
          <transform x="-32.2" y="-41.1" skX="-22.24" skY="-22.25" scX="1" scY="1" pX="0" pY="0"/>
          <colorTransform aO="0" rO="255" gO="0" bO="0" aM="100" rM="100" gM="0" bM="0"/>
        </frame>
      </timeline>
      <timeline name="innerleg_upper" scale="1" offset="0">
        <frame z="4" duration="8">
          <transform x="54.75" y="-17.3" skX="12.01" skY="12.01" scX="1" scY="1" pX="0" pY="-0.05"/>
          <colorTransform aO="0" rO="255" gO="0" bO="0" aM="100" rM="100" gM="0" bM="0"/>
        </frame>
      </timeline>
      <timeline name="innerleg_lower" scale="1" offset="0">
        <frame z="5" duration="8">
          <transform x="35.7" y="112.45" skX="6.27" skY="4.76" scX="1" scY="1" pX="0.05" pY="-0.1"/>
          <colorTransform aO="0" rO="255" gO="0" bO="0" aM="100" rM="100" gM="0" bM="0"/>
        </frame>
      </timeline>
      <timeline name="innerleg_foot" scale="1" offset="0">
        <frame z="6" duration="8">
          <transform x="34.1" y="189.45" skX="0" skY="-1.51" scX="1" scY="1" pX="0.05" pY="0"/>
          <colorTransform aO="0" rO="255" gO="0" bO="0" aM="100" rM="100" gM="0" bM="0"/>
        </frame>
      </timeline>
      <timeline name="head" scale="1" offset="0">
        <frame z="7" duration="8">
          <transform x="103" y="-135" skX="63.24" skY="63.24" scX="1" scY="1" pX="-0.8" pY="4.3"/>
          <colorTransform aO="0" rO="255" gO="0" bO="0" aM="100" rM="100" gM="0" bM="0"/>
        </frame>
      </timeline>
      <timeline name="upperbody" scale="1" offset="0">
        <frame z="8" duration="8">
          <transform x="60.4" y="-67" skX="18.24" skY="18.24" scX="1" scY="1" pX="0.05" pY="0"/>
          <colorTransform aO="0" rO="255" gO="0" bO="0" aM="100" rM="100" gM="0" bM="0"/>
        </frame>
      </timeline>
      <timeline name="outerleg_upper" scale="1" offset="0">
        <frame z="9" duration="8">
          <transform x="53.1" y="-14.15" skX="-17.92" skY="-17.92" scX="1" scY="1" pX="0.05" pY="-0.05"/>
          <colorTransform aO="0" rO="255" gO="0" bO="0" aM="100" rM="100" gM="0" bM="0"/>
        </frame>
      </timeline>
      <timeline name="outerleg_lower" scale="1" offset="0">
        <frame z="10" duration="8">
          <transform x="17.1" y="108.9" skX="35.5" skY="35.5" scX="1" scY="1" pX="0" pY="0.1"/>
          <colorTransform aO="0" rO="255" gO="0" bO="0" aM="100" rM="100" gM="0" bM="0"/>
        </frame>
      </timeline>
      <timeline name="outerleg_foot" scale="1" offset="0">
        <frame z="11" duration="8">
          <transform x="-15.3" y="181.95" skX="5.5" skY="5.5" scX="1" scY="1" pX="0" pY="0.05"/>
          <colorTransform aO="0" rO="255" gO="0" bO="0" aM="100" rM="100" gM="0" bM="0"/>
        </frame>
      </timeline>
      <timeline name="lowerbody" scale="1" offset="0">
        <frame z="12" duration="8">
          <transform x="56.35" y="-4.75" skX="18.24" skY="18.24" scX="1" scY="1" pX="0.05" pY="0"/>
          <colorTransform aO="0" rO="255" gO="0" bO="0" aM="100" rM="100" gM="0" bM="0"/>
        </frame>
      </timeline>
      <timeline name="outerarm_hand" scale="1" offset="0">
        <frame z="16" duration="8">
          <transform x="15.15" y="-0.3" skX="15.22" skY="15.22" scX="1" scY="1" pX="0" pY="0.1"/>
          <colorTransform aO="0" rO="255" gO="0" bO="0" aM="100" rM="100" gM="0" bM="0"/>
        </frame>
      </timeline>
      <timeline name="outerarm_lower" scale="1" offset="0">
        <frame z="17" duration="8">
          <transform x="71.7" y="-51" skX="33.45" skY="33.46" scX="1" scY="1" pX="-0.05" pY="0"/>
          <colorTransform aO="0" rO="255" gO="0" bO="0" aM="100" rM="100" gM="0" bM="0"/>
        </frame>
      </timeline>
      <timeline name="outerarm_upper" scale="1" offset="0">
        <frame z="18" duration="8">
          <transform x="105.9" y="-129.05" skX="33.45" skY="33.46" scX="1" scY="1" pX="0" pY="0.1"/>
          <colorTransform aO="0" rO="255" gO="0" bO="0" aM="100" rM="100" gM="0" bM="0"/>
        </frame>
      </timeline>
      <frame duration="7"/>
      <frame duration="1" action="ready"/>
    </animation>
  </armature>
</dragonBones>