<TextureAtlas name="Warrior" imagePath="texture.png">
  <SubTexture name="warriorFolder/outerarm_upper" x="622" y="260" width="142" height="220"/>
  <SubTexture name="warriorFolder/outerarm_lower" x="766" y="452" width="122" height="162"/>
  <SubTexture name="warriorFolder/outerarm_hand" x="386" y="308" width="88" height="90"/>
  <SubTexture name="warriorFolder/lowerbody" x="488" y="0" width="212" height="252"/>
  <SubTexture name="warriorFolder/outerleg_foot" x="212" y="308" width="172" height="120"/>
  <SubTexture name="warriorFolder/outerleg_lower" x="488" y="254" width="132" height="250"/>
  <SubTexture name="warriorFolder/outerleg_upper" x="80" y="0" width="218" height="284"/>
  <SubTexture name="warriorFolder/upperbody" x="702" y="0" width="184" height="258"/>
  <SubTexture name="warriorFolder/head" x="80" y="286" width="130" height="192"/>
  <SubTexture name="warriorFolder/innerleg_foot" x="212" y="430" width="172" height="116"/>
  <SubTexture name="warriorFolder/innerleg_lower" x="888" y="0" width="124" height="262"/>
  <SubTexture name="warriorFolder/innerleg_upper" x="300" y="0" width="186" height="306"/>
  <SubTexture name="warriorFolder/innerweapon" x="0" y="0" width="78" height="666"/>
  <SubTexture name="warriorFolder/innerarm_upper" x="862" y="264" width="150" height="186"/>
  <SubTexture name="warriorFolder/innerarm_lower" x="386" y="506" width="160" height="114"/>
  <SubTexture name="warriorFolder/innerarm_hand" x="766" y="260" width="94" height="84"/>
</TextureAtlas>