{"frameRate":30,"name":"DragonBoy","version":2.3,"armature":[{"skin":[{"name":0,"slot":[{"name":"armUpperL","z":0,"display":[{"transform":{"pY":18,"scY":1,"x":0,"y":0,"pX":45,"scX":1,"skY":0,"skX":0},"name":"parts/armUpperL","type":"image"}],"parent":"armUpperL"},{"name":"armL","z":1,"display":[{"transform":{"pY":30,"scY":1,"x":0,"y":0,"pX":15,"scX":1,"skY":0,"skX":0},"name":"parts/armL","type":"image"}],"parent":"armL"},{"name":"handL","z":2,"display":[{"transform":{"pY":30,"scY":1,"x":0,"y":0,"pX":39,"scX":1,"skY":0,"skX":0},"name":"parts/handL","type":"image"}],"parent":"handL"},{"name":"legL","z":3,"display":[{"transform":{"pY":27,"scY":1,"x":0,"y":0,"pX":83,"scX":1,"skY":0,"skX":0},"name":"parts/legL","type":"image"}],"parent":"legL"},{"name":"tailM","z":4,"display":[{"transform":{"pY":94,"scY":1,"x":0,"y":0,"pX":22,"scX":1,"skY":0,"skX":0},"name":"parts/tailM","type":"image"}],"parent":"tailM"},{"name":"tail","z":5,"display":[{"transform":{"pY":123,"scY":1,"x":0,"y":0,"pX":10,"scX":1,"skY":0,"skX":0},"name":"parts/tail","type":"image"}],"parent":"tail"},{"name":"body","z":6,"display":[{"transform":{"pY":130,"scY":1,"x":0,"y":0,"pX":53,"scX":1,"skY":0,"skX":0},"name":"parts/body","type":"image"}],"parent":"body"},{"name":"clothes","z":7,"display":[{"transform":{"pY":0,"scY":1,"x":0,"y":0,"pX":0,"scX":1,"skY":0,"skX":0},"name":"parts/clothes4","type":"image"}],"parent":"clothes"},{"name":"legR","z":8,"display":[{"transform":{"pY":19,"scY":1,"x":0,"y":0,"pX":37,"scX":1,"skY":0,"skX":0},"name":"parts/legR","type":"image"}],"parent":"legR"},{"name":"head","z":9,"display":[{"transform":{"scY":1,"scX":1,"x":0,"skY":0,"skX":0,"y":0},"name":"parts/head","type":"armature"}],"parent":"head"},{"name":"armUpperR","z":10,"display":[{"transform":{"pY":30,"scY":1,"x":0,"y":0,"pX":10,"scX":1,"skY":0,"skX":0},"name":"parts/armUpperR","type":"image"}],"parent":"armUpperR"},{"name":"armR","z":11,"display":[{"transform":{"pY":10,"scY":1,"x":0,"y":0,"pX":6,"scX":1,"skY":0,"skX":0},"name":"parts/armR","type":"image"}],"parent":"armR"},{"name":"handR","z":12,"display":[{"transform":{"pY":5,"scY":1,"x":0,"y":0,"pX":25,"scX":1,"skY":0,"skX":0},"name":"parts/handR","type":"image"}],"parent":"handR"}]}],"bone":[{"transform":{"scY":1,"scX":1,"x":33.9,"skY":60,"skX":60,"y":-24.55},"name":"handR","parent":"armR"},{"transform":{"scY":1,"scX":1,"x":55.3,"skY":60,"skX":60,"y":-41.5},"name":"armR","parent":"armUpperR"},{"transform":{"scY":1,"scX":1,"x":10,"skY":60,"skX":60,"y":-80},"name":"armUpperR","parent":"body"},{"transform":{"scY":1,"scX":1,"x":15,"skY":0,"skX":0,"y":-120},"name":"head","parent":"body"},{"transform":{"scY":1,"scX":1,"x":40,"skY":0,"skX":0,"y":0},"name":"legR","parent":"body"},{"transform":{"scY":1,"scX":1,"x":-64,"skY":0,"skX":0,"y":-113},"name":"clothes","parent":"body"},{"transform":{"scY":1,"scX":1,"x":0,"skY":0,"skX":0,"y":0},"name":"body"},{"transform":{"scY":1,"scX":1,"x":44,"skY":0,"skX":0,"y":18},"name":"tail","parent":"body"},{"transform":{"scY":1,"scX":1,"x":135,"skY":0,"skX":0,"y":-80},"name":"tailM","parent":"tail"},{"transform":{"scY":1,"scX":1,"x":-40,"skY":-30,"skX":-30,"y":0},"name":"legL","parent":"body"},{"transform":{"scY":1,"scX":1,"x":-87.7,"skY":-61.17,"skX":-61.17,"y":-54.6},"name":"handL","parent":"armL"},{"transform":{"scY":1,"scX":1,"x":-61.45,"skY":-61.17,"skX":-61.17,"y":-50.5},"name":"armL","parent":"armUpperL"},{"transform":{"scY":1,"scX":1,"x":-33,"skY":-21.69,"skX":-21.69,"y":-79},"name":"armUpperL","parent":"body"}],"name":"dragonBoy","animation":[{"name":"stand","scale":40,"loop":0,"timeline":[{"name":"armUpperL","scale":1,"frame":[{"transform":{"pY":0,"scY":1,"x":-33,"y":-79,"pX":0,"scX":1,"skY":-21.69,"skX":-21.69},"z":0,"duration":1},{"transform":{"pY":0,"scY":1,"x":-33,"y":-84,"pX":0,"scX":1,"skY":-6.69,"skX":-6.69},"z":0,"duration":1}],"offset":0.9},{"name":"armL","scale":1,"frame":[{"transform":{"pY":0,"scY":1,"x":-61.45,"y":-50.5,"pX":0,"scX":1,"skY":-61.17,"skX":-61.17},"z":1,"duration":1},{"transform":{"pY":0,"scY":1,"x":-67.85,"y":-63.8,"pX":0,"scX":1,"skY":-46.17,"skX":-46.17},"z":1,"duration":1}],"offset":0},{"name":"handL","scale":1,"frame":[{"transform":{"pY":0,"scY":1,"x":-87.7,"y":-54.6,"pX":0,"scX":1,"skY":-61.17,"skX":-61.17},"z":2,"duration":1},{"transform":{"pY":0,"scY":1,"x":-92.15,"y":-74.55,"pX":0,"scX":1,"skY":-46.17,"skX":-46.17},"z":2,"duration":1}],"offset":0},{"name":"legL","scale":1,"frame":[{"transform":{"pY":0,"scY":1,"x":-40,"y":0,"pX":0,"scX":1,"skY":-30,"skX":-30},"z":3,"duration":1},{"transform":{"pY":0,"scY":1,"x":-40,"y":0,"pX":0,"scX":1,"skY":-30,"skX":-30},"z":3,"duration":1}],"offset":0},{"name":"tailM","scale":1,"frame":[{"transform":{"pY":0,"scY":1,"x":135,"y":-80,"pX":0,"scX":1,"skY":0,"skX":0},"z":4,"duration":1},{"transform":{"pY":0,"scY":1,"x":145.45,"y":-74.15,"pX":0,"scX":1,"skY":19.54,"skX":6.3},"z":4,"duration":1}],"offset":0},{"name":"tail","scale":1,"frame":[{"transform":{"pY":0,"scY":1,"x":44,"y":18,"pX":0,"scX":1,"skY":0,"skX":0},"z":5,"duration":1},{"transform":{"pY":0,"scY":1,"x":44,"y":13,"pX":0,"scX":1,"skY":6.45,"skX":6.45},"z":5,"duration":1}],"offset":0.9},{"name":"body","scale":1,"frame":[{"transform":{"pY":0,"scY":1,"x":0,"y":0,"pX":0,"scX":1,"skY":0,"skX":0},"z":6,"duration":1},{"transform":{"pY":0,"scY":1,"x":0,"y":-5,"pX":0,"scX":1,"skY":0,"skX":0},"z":6,"duration":1}],"offset":0},{"name":"clothes","scale":1,"frame":[{"transform":{"pY":0,"scY":1,"x":-64,"y":-113,"pX":0,"scX":1,"skY":0,"skX":0},"z":7,"duration":1},{"transform":{"pY":0,"scY":1,"x":-63,"y":-119,"pX":0,"scX":1,"skY":0,"skX":0},"z":7,"duration":1}],"offset":0},{"name":"legR","scale":1,"frame":[{"transform":{"pY":0,"scY":1,"x":40,"y":0,"pX":0,"scX":1,"skY":0,"skX":0},"z":8,"duration":1},{"transform":{"pY":0,"scY":1,"x":40,"y":0,"pX":0,"scX":1,"skY":0,"skX":0},"z":8,"duration":1}],"offset":0},{"name":"head","scale":1,"frame":[{"transform":{"pY":0,"scY":1,"x":15,"y":-120,"pX":0,"scX":1,"skY":0,"skX":0},"z":9,"duration":1},{"transform":{"pY":0,"scY":1,"x":15,"y":-128,"pX":0,"scX":1,"skY":3.94,"skX":3.94},"z":9,"duration":1}],"offset":0.9},{"name":"armUpperR","scale":1,"frame":[{"transform":{"pY":0,"scY":1,"x":10,"y":-80,"pX":0,"scX":1,"skY":60,"skX":60},"z":10,"duration":1},{"transform":{"pY":0,"scY":1,"x":10,"y":-85,"pX":0,"scX":1,"skY":49.02,"skX":49.02},"z":10,"duration":1}],"offset":0.9},{"name":"armR","scale":1,"frame":[{"transform":{"pY":0,"scY":1,"x":55.3,"y":-41.5,"pX":0,"scX":1,"skY":60,"skX":60},"z":11,"duration":1},{"transform":{"pY":0,"scY":1,"x":61.85,"y":-55.85,"pX":0,"scX":1,"skY":34.02,"skX":34.02},"z":11,"duration":1}],"offset":0},{"name":"handR","scale":1,"frame":[{"transform":{"pY":0,"scY":1,"x":33.9,"y":-24.55,"pX":0,"scX":1,"skY":60,"skX":60},"z":12,"duration":1},{"transform":{"pY":0,"scY":1,"x":50,"y":-31.2,"pX":0,"scX":1,"skY":34.02,"skX":34.02},"z":12,"duration":1}],"offset":0}],"fadeInTime":0.2,"duration":2,"tweenEasing":2},{"name":"walk","scale":16,"loop":0,"timeline":[{"name":"armUpperL","scale":1,"frame":[{"transform":{"pY":0,"scY":1,"x":-38,"y":-136,"pX":0,"scX":1,"skY":30,"skX":30},"z":0,"duration":1},{"transform":{"pY":0,"scY":1,"x":-24,"y":-89,"pX":0,"scX":1,"skY":-142.27,"skX":-142.27},"z":0,"duration":1}],"offset":0.95},{"name":"armL","scale":1,"frame":[{"transform":{"pY":0,"scY":1,"x":-78.05,"y":-140.6,"pX":0,"scX":1,"skY":8.3,"skX":8.3},"z":1,"duration":1},{"transform":{"pY":0,"scY":1,"x":15.05,"y":-79.05,"pX":0,"scX":1,"skY":145.27,"skX":145.27},"z":1,"duration":1}],"offset":0},{"name":"handL","scale":1,"frame":[{"transform":{"pY":0,"scY":1,"x":-83.35,"y":-166.65,"pX":0,"scX":1,"skY":53.3,"skX":53.3},"z":2,"duration":1},{"transform":{"pY":0,"scY":1,"x":36.65,"y":-63.65,"pX":0,"scX":1,"skY":145.27,"skX":145.27},"z":2,"duration":1}],"offset":0},{"name":"legL","scale":1,"frame":[{"transform":{"pY":0,"scY":1,"x":-10,"y":-25,"pX":0,"scX":1.1,"skY":-144.74,"skX":-120},"z":3,"duration":1},{"transform":{"pY":0,"scY":1.09,"x":-33,"y":-5,"pX":0,"scX":1,"skY":30,"skX":54.02},"z":3,"duration":1}],"offset":0},{"name":"tailM","scale":0.5,"frame":[{"transform":{"pY":0,"scY":1,"x":136,"y":-130,"pX":0,"scX":1,"skY":-35.84,"skX":-7.3},"z":4,"duration":1},{"transform":{"pY":0,"scY":1,"x":158.25,"y":-47.1,"pX":0,"scX":1,"skY":67.17,"skX":36.58},"z":4,"duration":1}],"offset":0.8},{"name":"tail","scale":0.5,"frame":[{"transform":{"pY":0,"scY":1,"x":44,"y":-32,"pX":0,"scX":1,"skY":0,"skX":0},"z":5,"duration":1},{"transform":{"pY":0,"scY":1,"x":37,"y":14,"pX":0,"scX":1,"skY":21.45,"skX":21.45},"z":5,"duration":1}],"offset":0.8},{"name":"body","scale":0.5,"frame":[{"transform":{"pY":0,"scY":1,"x":0,"y":-50,"pX":0,"scX":1,"skY":0,"skX":0},"z":6,"duration":1},{"transform":{"pY":0,"scY":1,"x":0,"y":0,"pX":0,"scX":1,"skY":0,"skX":0},"z":6,"duration":1}],"offset":0},{"name":"clothes","scale":1,"frame":[{"transform":{"pY":0,"scY":1,"x":-63,"y":-164,"pX":0,"scX":1,"skY":0,"skX":0},"z":7,"duration":1},{"transform":{"pY":0,"scY":1,"x":-63,"y":-113,"pX":0,"scX":1,"skY":0,"skX":0},"z":7,"duration":1}],"offset":0},{"name":"legR","scale":1,"frame":[{"transform":{"pY":0,"scY":1.07,"x":38,"y":-46,"pX":0,"scX":1,"skY":75,"skX":95.13},"z":8,"duration":1},{"transform":{"pY":0,"scY":1.05,"x":47,"y":14,"pX":0,"scX":1,"skY":-45,"skX":-63.27},"z":8,"duration":1}],"offset":0},{"name":"head","scale":0.5,"frame":[{"transform":{"pY":0,"scY":1,"x":15,"y":-170,"pX":0,"scX":1,"skY":10,"skX":10},"z":9,"duration":1},{"transform":{"pY":0,"scY":1,"x":15,"y":-120,"pX":0,"scX":1,"skY":0,"skX":0},"z":9,"duration":1}],"offset":0.9},{"name":"armUpperR","scale":1,"frame":[{"transform":{"pY":0,"scY":1,"x":10,"y":-130,"pX":0,"scX":1,"skY":-15,"skX":-15},"z":10,"duration":1},{"transform":{"pY":0,"scY":1,"x":9,"y":-93,"pX":0,"scX":1,"skY":158.73,"skX":158.73},"z":10,"duration":1}],"offset":0.95},{"name":"armR","scale":1,"frame":[{"transform":{"pY":0,"scY":1,"x":58.9,"y":-163.85,"pX":0,"scX":1,"skY":-39.2,"skX":-39.2},"z":11,"duration":1},{"transform":{"pY":0,"scY":1,"x":-38.95,"y":-57.1,"pX":0,"scX":1,"skY":113.73,"skX":113.73},"z":11,"duration":1}],"offset":0},{"name":"handR","scale":1,"frame":[{"transform":{"pY":0,"scY":1,"x":79.05,"y":-145.4,"pX":0,"scX":1,"skY":-9.2,"skX":-9.2},"z":12,"duration":1},{"transform":{"pY":0,"scY":1,"x":-65.2,"y":-64.2,"pX":0,"scX":1,"skY":68.73,"skX":68.73},"z":12,"duration":1}],"offset":0}],"fadeInTime":0.2,"duration":2,"tweenEasing":2},{"name":"squat","scale":20,"loop":0,"timeline":[{"name":"armUpperL","scale":1,"frame":[{"transform":{"pY":0,"scY":1,"x":-98.9,"y":25.1,"pX":0,"scX":1,"skY":-24.68,"skX":-24.68},"z":0,"duration":2}],"offset":0},{"name":"armL","scale":1,"frame":[{"transform":{"pY":0,"scY":1,"x":-125.75,"y":55.05,"pX":0,"scX":1,"skY":-85.39,"skX":-85.39},"z":1,"duration":2}],"offset":0},{"name":"handL","scale":1,"frame":[{"transform":{"pY":0,"scY":1,"x":-151.4,"y":62.15,"pX":0,"scX":1,"skY":-30.4,"skX":-30.4},"z":2,"duration":2}],"offset":0},{"name":"legL","scale":1,"frame":[{"transform":{"pY":0,"scY":1,"x":-17,"y":3,"pX":0,"scX":1,"skY":-45,"skX":-45},"z":3,"duration":2}],"offset":0},{"name":"tailM","scale":1,"frame":[{"transform":{"pY":0,"scY":1,"x":121.45,"y":-102.8,"pX":0,"scX":1,"skY":-33.78,"skX":-5.71},"z":4,"duration":1},{"transform":{"pY":0,"scY":1,"x":138.4,"y":-74.2,"pX":0,"scX":1,"skY":64.67,"skX":31.11},"z":4,"duration":1}],"offset":0.9},{"name":"tail","scale":1,"frame":[{"transform":{"pY":0,"scY":1,"x":27,"y":-1,"pX":0,"scX":1,"skY":0,"skX":0},"z":5,"duration":1},{"transform":{"pY":0,"scY":1,"x":27,"y":-1,"pX":0,"scX":1,"skY":15,"skX":15},"z":5,"duration":1}],"offset":0},{"name":"body","scale":1,"frame":[{"transform":{"pY":0,"scY":1,"x":7,"y":28,"pX":0,"scX":1,"skY":-75,"skX":-75},"z":6,"duration":2}],"offset":0},{"name":"clothes","scale":1,"frame":[{"transform":{"pY":0,"scY":1,"x":-119.55,"y":59.7,"pX":0,"scX":1,"skY":-75,"skX":-75},"z":7,"duration":2}],"offset":0},{"name":"legR","scale":1,"frame":[{"transform":{"pY":0,"scY":1,"x":29,"y":-8,"pX":0,"scX":1,"skY":-15,"skX":-15},"z":8,"duration":2}],"offset":0},{"name":"head","scale":2,"frame":[{"transform":{"pY":0,"scY":1,"x":-116.4,"y":26,"pX":0,"scX":1,"skY":-9.24,"skX":-9.24},"z":9,"duration":1},{"transform":{"pY":0,"scY":1,"x":-116.4,"y":26,"pX":0,"scX":1,"skY":-14.46,"skX":-14.46},"z":9,"duration":1}],"offset":0},{"name":"armUpperR","scale":2,"frame":[{"transform":{"pY":0,"scY":1,"x":-62.3,"y":-3.65,"pX":0,"scX":1,"skY":135.21,"skX":135.21},"z":10,"duration":1},{"transform":{"pY":0,"scY":1,"x":-62.3,"y":-3.65,"pX":0,"scX":1,"skY":129.23,"skX":129.23},"z":10,"duration":1}],"offset":0.1},{"name":"armR","scale":1,"frame":[{"transform":{"pY":0,"scY":1,"x":-95.65,"y":49.3,"pX":0,"scX":1,"skY":45.21,"skX":45.21},"z":11,"duration":1},{"transform":{"pY":0,"scY":1,"x":-88.65,"y":49.3,"pX":0,"scX":1,"skY":45.21,"skX":45.21},"z":11,"duration":1}],"offset":0},{"name":"handR","scale":1,"frame":[{"transform":{"pY":0,"scY":1,"x":-117.25,"y":66.2,"pX":0,"scX":1,"skY":6.51,"skX":6.51},"z":12,"duration":1},{"transform":{"pY":0,"scY":1,"x":-110.25,"y":66.2,"pX":0,"scX":1,"skY":6.51,"skX":6.51},"z":12,"duration":1}],"offset":0}],"fadeInTime":0.2,"duration":2,"tweenEasing":2},{"name":"jump","scale":3,"loop":0,"timeline":[{"name":"armUpperL","scale":1,"frame":[{"transform":{"pY":0,"scY":1,"x":-36,"y":-84,"pX":0,"scX":1,"skY":-40.68,"skX":-40.68},"z":0,"duration":2}],"offset":0},{"name":"armL","scale":1,"frame":[{"transform":{"pY":0,"scY":1,"x":-53.65,"y":-47.8,"pX":0,"scX":1,"skY":-116.66,"skX":-116.66},"z":1,"duration":2}],"offset":0},{"name":"handL","scale":1,"frame":[{"transform":{"pY":0,"scY":1,"x":-71.95,"y":-28.5,"pX":0,"scX":1,"skY":-116.66,"skX":-116.66},"z":2,"duration":2}],"offset":0},{"name":"legL","scale":1,"frame":[{"transform":{"pY":0,"scY":1.06,"x":-27,"y":5,"pX":0,"scX":1,"skY":-75,"skX":-55.35},"z":3,"duration":2}],"offset":0},{"name":"tailM","scale":1,"frame":[{"transform":{"pY":0,"scY":1,"x":183.2,"y":76.3,"pX":0,"scX":1,"skY":108.28,"skX":89.96},"z":4,"duration":1},{"transform":{"pY":0,"scY":1,"x":176.2,"y":84.3,"pX":0,"scX":1,"skY":123.28,"skX":104.96},"z":4,"duration":1}],"offset":0},{"name":"tail","scale":1,"frame":[{"transform":{"pY":0,"scY":1,"x":36,"y":12,"pX":0,"scX":1.08,"skY":57.3,"skX":79.46},"z":5,"duration":1},{"transform":{"pY":0,"scY":1,"x":36,"y":12,"pX":0,"scX":1.08,"skY":61.5,"skX":83.66},"z":5,"duration":1}],"offset":0},{"name":"body","scale":1,"frame":[{"transform":{"pY":0,"scY":1,"x":0,"y":-3,"pX":0,"scX":1.03,"skY":13.96,"skX":0},"z":6,"duration":2}],"offset":0},{"name":"clothes","scale":1,"frame":[{"transform":{"pY":0,"scY":1,"x":-69.7,"y":-110.2,"pX":0,"scX":1,"skY":0.24,"skX":0.24},"z":7,"duration":2}],"offset":0},{"name":"legR","scale":1,"frame":[{"transform":{"pY":0,"scY":1.06,"x":33,"y":10,"pX":0,"scX":1,"skY":-30,"skX":-10.53},"z":8,"duration":2}],"offset":0},{"name":"head","scale":1,"frame":[{"transform":{"pY":0,"scY":1,"x":-24,"y":-119,"pX":0,"scX":1,"skY":48.13,"skX":29.86},"z":9,"duration":2}],"offset":0},{"name":"armUpperR","scale":1,"frame":[{"transform":{"pY":0,"scY":1,"x":8,"y":-77,"pX":0,"scX":1,"skY":75,"skX":75},"z":10,"duration":2}],"offset":0},{"name":"armR","scale":1,"frame":[{"transform":{"pY":0,"scY":1,"x":38.8,"y":-20.15,"pX":0,"scX":1,"skY":-15,"skX":-15},"z":11,"duration":2}],"offset":0},{"name":"handR","scale":1,"frame":[{"transform":{"pY":0,"scY":1,"x":52.65,"y":3.9,"pX":0,"scX":1,"skY":60,"skX":60},"z":12,"duration":2}],"offset":0}],"fadeInTime":0.3,"duration":2,"tweenEasing":null},{"name":"fall","scale":3,"loop":0,"timeline":[{"name":"armUpperL","scale":1,"frame":[{"transform":{"pY":0,"scY":1,"x":-29,"y":-87,"pX":0,"scX":1,"skY":4.32,"skX":4.32},"z":0,"duration":2}],"offset":0},{"name":"armL","scale":1,"frame":[{"transform":{"pY":0,"scY":1,"x":-68.65,"y":-74.8,"pX":0,"scX":1,"skY":-116.66,"skX":-116.66},"z":1,"duration":2}],"offset":0},{"name":"handL","scale":1,"frame":[{"transform":{"pY":0,"scY":1,"x":-86.25,"y":-56.15,"pX":0,"scX":1,"skY":-41.66,"skX":-41.66},"z":2,"duration":2}],"offset":0},{"name":"legL","scale":1,"frame":[{"transform":{"pY":0,"scY":1,"x":-21,"y":11,"pX":0,"scX":1,"skY":25.95,"skX":19.73},"z":3,"duration":2}],"offset":0},{"name":"tailM","scale":1,"frame":[{"transform":{"pY":0,"scY":1,"x":131.15,"y":-86.35,"pX":0,"scX":1,"skY":-53.08,"skX":-9.22},"z":4,"duration":1},{"transform":{"pY":0,"scY":1,"x":116.15,"y":-98.35,"pX":0,"scX":1,"skY":-51.91,"skX":-8.05},"z":4,"duration":1}],"offset":0},{"name":"tail","scale":1,"frame":[{"transform":{"pY":0,"scY":1,"x":42,"y":23,"pX":0,"scX":1,"skY":-5.47,"skX":-2.46},"z":5,"duration":1},{"transform":{"pY":0,"scY":1,"x":42,"y":23,"pX":0,"scX":1,"skY":-12.96,"skX":-9.95},"z":5,"duration":1}],"offset":0},{"name":"body","scale":1,"frame":[{"transform":{"pY":0,"scY":1,"x":0,"y":0,"pX":0,"scX":1,"skY":0,"skX":0},"z":6,"duration":2}],"offset":0},{"name":"clothes","scale":1,"frame":[{"transform":{"pY":0,"scY":1,"x":-66,"y":-109,"pX":0,"scX":1,"skY":0,"skX":0},"z":7,"duration":2}],"offset":0},{"name":"legR","scale":1,"frame":[{"transform":{"pY":0,"scY":1,"x":45,"y":0,"pX":0,"scX":1,"skY":45.9,"skX":29.86},"z":8,"duration":2}],"offset":0},{"name":"head","scale":1,"frame":[{"transform":{"pY":0,"scY":1,"x":8,"y":-113,"pX":0,"scX":1,"skY":-15,"skX":-15},"z":9,"duration":2}],"offset":0},{"name":"armUpperR","scale":1,"frame":[{"transform":{"pY":0,"scY":1,"x":8,"y":-92,"pX":0,"scX":1,"skY":30,"skX":30},"z":10,"duration":2}],"offset":0},{"name":"armR","scale":1,"frame":[{"transform":{"pY":0,"scY":1,"x":65.95,"y":-77.6,"pX":0,"scX":1,"skY":-15,"skX":-15},"z":11,"duration":2}],"offset":0},{"name":"handR","scale":1,"frame":[{"transform":{"pY":0,"scY":1,"x":76.8,"y":-55.35,"pX":0,"scX":1,"skY":-15,"skX":-15},"z":12,"duration":2}],"offset":0}],"fadeInTime":0.3,"duration":2,"tweenEasing":null},{"name":"fallEnd","scale":0.6,"loop":1,"frame":[{"duration":4},{"action":"stand","duration":1}],"timeline":[{"name":"armUpperL","scale":1,"frame":[{"transform":{"pY":0,"scY":1,"x":-51,"y":-28,"pX":0,"scX":1,"skY":4.32,"skX":4.32},"z":0,"duration":5}],"offset":0},{"name":"armL","scale":1,"frame":[{"transform":{"pY":0,"scY":1,"x":-90.65,"y":-15.8,"pX":0,"scX":1,"skY":-71.66,"skX":-71.66},"z":1,"duration":5}],"offset":0},{"name":"handL","scale":1,"frame":[{"transform":{"pY":0,"scY":1,"x":-116.25,"y":-15.1,"pX":0,"scX":1,"skY":3.34,"skX":3.34},"z":2,"duration":5}],"offset":0},{"name":"legL","scale":1,"frame":[{"transform":{"pY":0,"scY":1,"x":-30,"y":0,"pX":0,"scX":1,"skY":-30,"skX":-30},"z":3,"duration":5}],"offset":0},{"name":"tailM","scale":1,"frame":[{"transform":{"pY":0,"scY":1,"x":172.25,"y":-6.1,"pX":0,"scX":1,"skY":55.21,"skX":55.21},"z":4,"duration":5}],"offset":0},{"name":"tail","scale":1,"frame":[{"transform":{"pY":0,"scY":1,"x":35,"y":18,"pX":0,"scX":1,"skY":36.76,"skX":39.77},"z":5,"duration":5}],"offset":0},{"name":"body","scale":1,"frame":[{"transform":{"pY":0,"scY":0.83,"x":-1,"y":17,"pX":0,"scX":1,"skY":-21.98,"skX":-21.98},"z":6,"duration":5}],"offset":0},{"name":"clothes","scale":1,"frame":[{"transform":{"pY":0,"scY":1,"x":-95.55,"y":-37.65,"pX":0,"scX":1,"skY":-23.21,"skX":-23.21},"z":7,"duration":5}],"offset":0},{"name":"legR","scale":1,"frame":[{"transform":{"pY":0,"scY":0.88,"x":45,"y":10,"pX":0,"scX":1,"skY":15,"skX":15},"z":8,"duration":5}],"offset":0},{"name":"head","scale":1,"frame":[{"transform":{"pY":0,"scY":1,"x":-52.05,"y":-55,"pX":0,"scX":1,"skY":-4.55,"skX":-4.55},"z":9,"duration":5}],"offset":0},{"name":"armUpperR","scale":1,"frame":[{"transform":{"pY":0,"scY":1,"x":-13,"y":-35,"pX":0,"scX":1,"skY":150,"skX":150},"z":10,"duration":5}],"offset":0},{"name":"armR","scale":1,"frame":[{"transform":{"pY":0,"scY":1,"x":-54.4,"y":8,"pX":0,"scX":1,"skY":105,"skX":105},"z":11,"duration":5}],"offset":0},{"name":"handR","scale":1,"frame":[{"transform":{"pY":0,"scY":1,"x":-79.15,"y":6.3,"pX":0,"scX":1,"skY":105,"skX":105},"z":12,"duration":5}],"offset":0}],"fadeInTime":0.133,"duration":5,"tweenEasing":null}]},{"skin":[{"name":0,"slot":[{"name":"beardL","z":0,"display":[{"transform":{"pY":5,"scY":1,"x":0,"y":0,"pX":57.5,"scX":1,"skY":0,"skX":0},"name":"parts/beardL","type":"image"}],"parent":"beardL"},{"name":"hair","z":1,"display":[{"transform":{"pY":0,"scY":1,"x":0,"y":0,"pX":0,"scX":1,"skY":0,"skX":0},"name":"parts/hair","type":"image"}],"parent":"hair"},{"name":"headC","z":2,"display":[{"transform":{"pY":0,"scY":1,"x":0,"y":0,"pX":0,"scX":1,"skY":0,"skX":0},"name":"parts/headC","type":"image"}],"parent":"headC"},{"name":"beardR","z":3,"display":[{"transform":{"pY":8,"scY":1,"x":0,"y":0,"pX":2,"scX":1,"skY":0,"skX":0},"name":"parts/beardR","type":"image"}],"parent":"beardR"},{"name":"eyeR","z":4,"display":[{"transform":{"pY":15,"scY":1,"x":0,"y":0,"pX":9,"scX":1,"skY":0,"skX":0},"name":"parts/eye","type":"image"}],"parent":"eyeR"},{"name":"eyeL","z":5,"display":[{"transform":{"pY":15,"scY":1,"x":0,"y":0,"pX":9,"scX":1,"skY":0,"skX":0},"name":"parts/eye","type":"image"}],"parent":"eyeL"}]}],"bone":[{"transform":{"scY":0.8,"scX":0.7,"x":-52,"skY":0,"skX":0,"y":-82},"name":"eyeL"},{"transform":{"scY":1,"scX":1,"x":-13,"skY":0,"skX":0,"y":-78},"name":"eyeR"},{"transform":{"scY":1,"scX":1,"x":-34,"skY":0,"skX":0,"y":-24},"name":"beardR"},{"transform":{"scY":1,"scX":1,"x":-94,"skY":0,"skX":0,"y":-170},"name":"headC"},{"transform":{"scY":1,"scX":1,"x":6,"skY":0,"skX":0,"y":-120},"name":"hair"},{"transform":{"scY":1,"scX":1,"x":-79,"skY":0,"skX":0,"y":-27},"name":"beardL"}],"name":"parts/head","animation":[{"name":"stand","scale":40,"loop":0,"timeline":[{"name":"beardL","scale":1,"frame":[{"transform":{"pY":0,"scY":1,"x":-79,"y":-27,"pX":0,"scX":1,"skY":0,"skX":0},"z":0,"duration":1},{"transform":{"pY":0,"scY":1,"x":-79,"y":-27,"pX":0,"scX":1,"skY":-22.49,"skX":-22.49},"z":0,"duration":1}],"offset":0},{"name":"hair","scale":1,"frame":[{"transform":{"pY":0,"scY":1,"x":6,"y":-120,"pX":0,"scX":1,"skY":0,"skX":0},"z":1,"duration":1},{"transform":{"pY":0,"scY":1,"x":6,"y":-127,"pX":0,"scX":1.03,"skY":13.75,"skX":0},"z":1,"duration":1}],"offset":0},{"name":"headC","scale":1,"frame":[{"transform":{"pY":0,"scY":1,"x":-94,"y":-170,"pX":0,"scX":1,"skY":0,"skX":0},"z":2,"duration":2}],"offset":0},{"name":"beardR","scale":1,"frame":[{"transform":{"pY":0,"scY":1,"x":-34,"y":-24,"pX":0,"scX":1,"skY":0,"skX":0},"z":3,"duration":1},{"transform":{"pY":0,"scY":1,"x":-34,"y":-24,"pX":0,"scX":1,"skY":15,"skX":15},"z":3,"duration":1}],"offset":0.85},{"name":"eyeR","scale":1,"frame":[{"transform":{"pY":0,"scY":1,"x":-13,"y":-78,"pX":0,"scX":1,"skY":0,"skX":0},"z":4,"duration":2}],"offset":0},{"name":"eyeL","scale":1,"frame":[{"transform":{"pY":0,"scY":0.8,"x":-52,"y":-82,"pX":0,"scX":0.7,"skY":0,"skX":0},"z":5,"duration":2}],"offset":0}],"fadeInTime":0.2,"duration":2,"tweenEasing":2},{"name":"walk","scale":8,"loop":0,"timeline":[{"name":"beardL","scale":1,"frame":[{"transform":{"pY":0,"scY":1,"x":-79,"y":-27,"pX":0,"scX":1,"skY":22.51,"skX":22.51},"z":0,"duration":1},{"transform":{"pY":0,"scY":1,"x":-79,"y":-27,"pX":0,"scX":1,"skY":-67.49,"skX":-67.49},"z":0,"duration":1}],"offset":0.8},{"name":"hair","scale":1,"frame":[{"transform":{"pY":0,"scY":1,"x":6,"y":-110,"pX":0,"scX":1.14,"skY":-28.46,"skX":0},"z":1,"duration":1},{"transform":{"pY":0,"scY":1,"x":6,"y":-130,"pX":0,"scX":1,"skY":20,"skX":0},"z":1,"duration":1}],"offset":0.7},{"name":"headC","scale":1,"frame":[{"transform":{"pY":0,"scY":1,"x":-94,"y":-170,"pX":0,"scX":1,"skY":0,"skX":0},"z":2,"duration":2}],"offset":0},{"name":"beardR","scale":1,"frame":[{"transform":{"pY":0,"scY":1,"x":-34,"y":-24,"pX":0,"scX":1,"skY":-30,"skX":-30},"z":3,"duration":1},{"transform":{"pY":0,"scY":1,"x":-34,"y":-24,"pX":0,"scX":1,"skY":60,"skX":60},"z":3,"duration":1}],"offset":0.8},{"name":"eyeR","scale":1,"frame":[{"transform":{"pY":0,"scY":1,"x":-18,"y":-79,"pX":0,"scX":1,"skY":0,"skX":0},"z":4,"duration":1},{"transform":{"pY":0,"scY":1,"x":-18,"y":-77,"pX":0,"scX":1,"skY":0,"skX":0},"z":4,"duration":1}],"offset":0},{"name":"eyeL","scale":1,"frame":[{"transform":{"pY":0,"scY":0.8,"x":-57,"y":-83,"pX":0,"scX":0.7,"skY":0,"skX":0},"z":5,"duration":1},{"transform":{"pY":0,"scY":0.8,"x":-57,"y":-81,"pX":0,"scX":0.7,"skY":0,"skX":0},"z":5,"duration":1}],"offset":0}],"fadeInTime":0.2,"duration":2,"tweenEasing":2},{"name":"squat","scale":20,"loop":0,"timeline":[{"name":"beardL","scale":2,"frame":[{"transform":{"pY":0,"scY":1,"x":-79,"y":-27,"pX":0,"scX":1,"skY":-22.49,"skX":-22.49},"z":0,"duration":1},{"transform":{"pY":0,"scY":1,"x":-79,"y":-27,"pX":0,"scX":1,"skY":-13.27,"skX":-13.27},"z":0,"duration":1}],"offset":0},{"name":"hair","scale":1,"frame":[{"transform":{"pY":0,"scY":1,"x":6,"y":-122,"pX":0,"scX":1.04,"skY":-16.55,"skX":0},"z":1,"duration":2}],"offset":0},{"name":"headC","scale":1,"frame":[{"transform":{"pY":0,"scY":1,"x":-94,"y":-170,"pX":0,"scX":1,"skY":0,"skX":0},"z":2,"duration":2}],"offset":0},{"name":"beardR","scale":1,"frame":[{"transform":{"pY":0,"scY":1,"x":-34,"y":-24,"pX":0,"scX":1,"skY":30,"skX":30},"z":3,"duration":1},{"transform":{"pY":0,"scY":1,"x":-34,"y":-24,"pX":0,"scX":1,"skY":24.76,"skX":24.76},"z":3,"duration":1}],"offset":0},{"name":"eyeR","scale":1,"frame":[{"transform":{"pY":0,"scY":1,"x":-18,"y":-79,"pX":0,"scX":1,"skY":0,"skX":0},"z":4,"duration":1},{"transform":{"pY":0,"scY":1,"x":-18,"y":-80,"pX":0,"scX":1,"skY":0,"skX":0},"z":4,"duration":1}],"offset":0},{"name":"eyeL","scale":1,"frame":[{"transform":{"pY":0,"scY":0.8,"x":-57,"y":-83,"pX":0,"scX":0.7,"skY":0,"skX":0},"z":5,"duration":1},{"transform":{"pY":0,"scY":0.8,"x":-57,"y":-84,"pX":0,"scX":0.7,"skY":0,"skX":0},"z":5,"duration":1}],"offset":0}],"fadeInTime":0.2,"duration":2,"tweenEasing":2},{"name":"jump","scale":3,"loop":0,"timeline":[{"name":"beardL","scale":1,"frame":[{"transform":{"pY":0,"scY":1,"x":-79,"y":-27,"pX":0,"scX":1,"skY":-97.49,"skX":-97.49},"z":0,"duration":1},{"transform":{"pY":0,"scY":1,"x":-79,"y":-27,"pX":0,"scX":1,"skY":-112.49,"skX":-112.49},"z":0,"duration":1}],"offset":0},{"name":"hair","scale":1,"frame":[{"transform":{"pY":0,"scY":1,"x":-2,"y":-131,"pX":0,"scX":1.2,"skY":-0.85,"skX":0},"z":1,"duration":1},{"transform":{"pY":0,"scY":1,"x":-3,"y":-122,"pX":0,"scX":1.24,"skY":-13.08,"skX":0},"z":1,"duration":1}],"offset":0},{"name":"headC","scale":1,"frame":[{"transform":{"pY":0,"scY":1,"x":-94,"y":-170,"pX":0,"scX":1,"skY":0,"skX":0},"z":2,"duration":2}],"offset":0},{"name":"beardR","scale":1,"frame":[{"transform":{"pY":0,"scY":1,"x":-34,"y":-24,"pX":0,"scX":1,"skY":30,"skX":30},"z":3,"duration":1},{"transform":{"pY":0,"scY":1,"x":-34,"y":-24,"pX":0,"scX":1,"skY":10.02,"skX":10.02},"z":3,"duration":1}],"offset":0},{"name":"eyeR","scale":1,"frame":[{"transform":{"pY":0,"scY":1,"x":-18,"y":-79,"pX":0,"scX":1,"skY":0,"skX":0},"z":4,"duration":2}],"offset":0},{"name":"eyeL","scale":1,"frame":[{"transform":{"pY":0,"scY":0.8,"x":-57,"y":-83,"pX":0,"scX":0.7,"skY":0,"skX":0},"z":5,"duration":2}],"offset":0}],"fadeInTime":0.3,"duration":2,"tweenEasing":null},{"name":"fall","scale":3,"loop":0,"timeline":[{"name":"beardL","scale":1,"frame":[{"transform":{"pY":0,"scY":1,"x":-79,"y":-27,"pX":0,"scX":1,"skY":67.51,"skX":67.51},"z":0,"duration":1},{"transform":{"pY":0,"scY":1,"x":-79,"y":-27,"pX":0,"scX":1,"skY":82.51,"skX":82.51},"z":0,"duration":1}],"offset":0},{"name":"hair","scale":1,"frame":[{"transform":{"pY":0,"scY":1,"x":-2,"y":-119,"pX":0,"scX":1.23,"skY":-14.03,"skX":0},"z":1,"duration":1},{"transform":{"pY":0,"scY":1,"x":-2,"y":-114,"pX":0,"scX":1.31,"skY":-23.64,"skX":0},"z":1,"duration":1}],"offset":0},{"name":"headC","scale":1,"frame":[{"transform":{"pY":0,"scY":1,"x":-94,"y":-170,"pX":0,"scX":1,"skY":0,"skX":0},"z":2,"duration":2}],"offset":0},{"name":"beardR","scale":1,"frame":[{"transform":{"pY":0,"scY":1,"x":-31,"y":-24,"pX":0,"scX":1,"skY":-45,"skX":-45},"z":3,"duration":1},{"transform":{"pY":0,"scY":1,"x":-31,"y":-24,"pX":0,"scX":1,"skY":-55.44,"skX":-55.44},"z":3,"duration":1}],"offset":0},{"name":"eyeR","scale":1,"frame":[{"transform":{"pY":0,"scY":1,"x":-13,"y":-79,"pX":0,"scX":1,"skY":0,"skX":0},"z":4,"duration":2}],"offset":0},{"name":"eyeL","scale":1,"frame":[{"transform":{"pY":0,"scY":0.8,"x":-53,"y":-83,"pX":0,"scX":0.7,"skY":0,"skX":0},"z":5,"duration":2}],"offset":0}],"fadeInTime":0.3,"duration":2,"tweenEasing":null},{"name":"fallEnd","scale":1,"loop":1,"timeline":[{"name":"beardL","scale":1,"frame":[{"transform":{"pY":0,"scY":1,"x":-79,"y":-27,"pX":0,"scX":1,"skY":-57.05,"skX":-57.05},"z":0,"duration":1}],"offset":0},{"name":"hair","scale":1,"frame":[{"transform":{"pY":0,"scY":1,"x":0,"y":-130,"pX":0,"scX":1.22,"skY":11.24,"skX":0},"z":1,"duration":1}],"offset":0},{"name":"headC","scale":1,"frame":[{"transform":{"pY":0,"scY":1,"x":-94,"y":-170,"pX":0,"scX":1,"skY":0,"skX":0},"z":2,"duration":1}],"offset":0},{"name":"beardR","scale":1,"frame":[{"transform":{"pY":0,"scY":1,"x":-31,"y":-24,"pX":0,"scX":1,"skY":66.03,"skX":66.03},"z":3,"duration":1}],"offset":0},{"name":"eyeR","scale":1,"frame":[{"transform":{"pY":0,"scY":1,"x":-18,"y":-79,"pX":0,"scX":1,"skY":0,"skX":0},"z":4,"duration":1}],"offset":0},{"name":"eyeL","scale":1,"frame":[{"transform":{"pY":0,"scY":0.8,"x":-56,"y":-83,"pX":0,"scX":0.7,"skY":0,"skX":0},"z":5,"duration":1}],"offset":0}],"fadeInTime":0.3,"duration":1,"tweenEasing":null}]},{"skin":[{"name":0,"slot":[{"name":"clothes1","z":0,"display":[{"transform":{"pY":0,"scY":1,"x":-52,"y":-43.3,"pX":0,"scX":1,"skY":0,"skX":0},"name":"parts/clothes1","type":"image"}],"parent":"clothes1"},{"name":"clothes2","z":1,"display":[{"transform":{"pY":0,"scY":1,"x":-52,"y":-43.3,"pX":0,"scX":1,"skY":0,"skX":0},"name":"parts/clothes2","type":"image"}],"parent":"clothes2"},{"name":"clothes3","z":2,"display":[{"transform":{"pY":0,"scY":1,"x":-52,"y":-43.3,"pX":0,"scX":1,"skY":0,"skX":0},"name":"parts/clothes3","type":"image"}],"parent":"clothes3"},{"name":"clothes4","z":3,"display":[{"transform":{"pY":0,"scY":1,"x":-51.95,"y":-43.3,"pX":0,"scX":1,"skY":0,"skX":0},"name":"parts/clothes4","type":"image"}],"parent":"clothes4"}]}],"bone":[{"transform":{"scY":1,"scX":1,"x":114,"skY":0,"skX":0,"y":130},"name":"clothes4"},{"transform":{"scY":1,"scX":1,"x":25,"skY":0,"skX":0,"y":119},"name":"clothes3"},{"transform":{"scY":1,"scX":1,"x":160,"skY":0,"skX":0,"y":43},"name":"clothes2"},{"transform":{"scY":1,"scX":1,"x":52,"skY":0,"skX":0,"y":43.3},"name":"clothes1"}],"name":"clothesTexture","animation":[{"name":"temp","scale":1,"loop":1,"timeline":[{"name":"clothes1","scale":1,"frame":[{"transform":{"pY":0,"scY":1,"x":52,"y":43.3,"pX":0,"scX":1,"skY":0,"skX":0},"z":0,"duration":1}],"offset":0},{"name":"clothes2","scale":1,"frame":[{"transform":{"pY":0,"scY":1,"x":160,"y":43,"pX":0,"scX":1,"skY":0,"skX":0},"z":1,"duration":1}],"offset":0},{"name":"clothes3","scale":1,"frame":[{"transform":{"pY":0,"scY":1,"x":25,"y":119,"pX":0,"scX":1,"skY":0,"skX":0},"z":2,"duration":1}],"offset":0},{"name":"clothes4","scale":1,"frame":[{"transform":{"pY":0,"scY":1,"x":114,"y":130,"pX":0,"scX":1,"skY":0,"skX":0},"z":3,"duration":1}],"offset":0}],"fadeInTime":0.3,"duration":1,"tweenEasing":null}]}]}