{"imagePath":"texture.png","name":"DragonBoy","SubTexture":[{"name":"parts/clothes3","x":171,"width":104,"y":175,"height":87},{"name":"parts/clothes2","x":290,"width":104,"y":140,"height":87},{"name":"parts/clothes1","x":0,"width":104,"y":198,"height":87},{"name":"parts/eye","x":490,"width":19,"y":0,"height":29},{"name":"parts/beardR","x":57,"width":69,"y":304,"height":18},{"name":"parts/headC","x":0,"width":170,"y":0,"height":196},{"name":"parts/hair","x":399,"width":62,"y":117,"height":141},{"name":"parts/beardL","x":127,"width":60,"y":311,"height":18},{"name":"parts/handR","x":462,"width":49,"y":157,"height":29},{"name":"parts/armR","x":487,"width":23,"y":187,"height":39},{"name":"parts/armUpperR","x":163,"width":80,"y":263,"height":47},{"name":"parts/legR","x":399,"width":90,"y":0,"height":116},{"name":"parts/clothes4","x":277,"width":104,"y":228,"height":87},{"name":"parts/body","x":171,"width":118,"y":0,"height":174},{"name":"parts/tail","x":290,"width":108,"y":0,"height":139},{"name":"parts/tailM","x":106,"width":56,"y":198,"height":105},{"name":"parts/legL","x":382,"width":102,"y":259,"height":90},{"name":"parts/handL","x":462,"width":48,"y":117,"height":39},{"name":"parts/armL","x":462,"width":24,"y":187,"height":40},{"name":"parts/armUpperL","x":0,"width":56,"y":286,"height":43}]}