{"SubTexture":[{"name":"knightFolder/arrow_3","x":0,"width":83,"y":207,"height":25},{"name":"knightFolder/arrow_2","x":84,"width":83,"y":216,"height":18},{"name":"knightFolder/bow_3","x":182,"width":30,"y":0,"height":64},{"name":"knightFolder/bow_2","x":160,"width":20,"y":34,"height":50},{"name":"knightFolder/axe_2","x":0,"width":104,"y":125,"height":50},{"name":"knightFolder/axe_3","x":0,"width":106,"y":60,"height":64},{"name":"knightFolder/pike_3","x":0,"width":180,"y":0,"height":32},{"name":"knightFolder/pike_2","x":0,"width":159,"y":34,"height":24},{"name":"knightFolder/sword_3","x":106,"width":105,"y":136,"height":36},{"name":"knightFolder/sword_2","x":0,"width":90,"y":177,"height":28},{"name":"knightFolder/bow_a","x":243,"width":8,"y":80,"height":8},{"name":"knightFolder/bow_1","x":214,"width":14,"y":50,"height":50},{"name":"knightFolder/arrow_1","x":0,"width":82,"y":234,"height":10},{"name":"knightFolder/bow_b","x":230,"width":1,"y":50,"height":30},{"name":"knightFolder/axe_1","x":106,"width":85,"y":174,"height":40},{"name":"knightFolder/pike_1","x":108,"width":139,"y":118,"height":16},{"name":"knightFolder/sword_1","x":168,"width":80,"y":216,"height":18},{"name":"knightFolder/horseEye","x":182,"width":13,"y":66,"height":13},{"name":"knightFolder/horseHead_","x":214,"width":40,"y":0,"height":48},{"name":"knightFolder/body","x":233,"width":14,"y":62,"height":16},{"name":"knightFolder/leg","x":196,"width":8,"y":66,"height":16},{"name":"knightFolder/head","x":108,"width":44,"y":60,"height":40},{"name":"knightFolder/arm","x":233,"width":20,"y":50,"height":10},{"name":"knightFolder/horseBody","x":154,"width":40,"y":96,"height":20},{"name":"knightFolder/horseTail","x":233,"width":8,"y":80,"height":12},{"name":"knightFolder/horseLeg","x":182,"width":8,"y":80,"height":14}],"name":"Knight"}