{"frameRate":24,"name":"Cyborg(AnimationMixing)","version":2.3,"armature":[{"skin":[{"name":0,"slot":[{"name":"handL","z":0,"display":[{"transform":{"pY":0,"scY":1,"x":0,"y":0,"pX":3,"scX":1,"skY":0,"skX":0},"name":"CyborgFolder/LeftHand","type":"image"}],"parent":"handL"},{"name":"forearmL","z":1,"display":[{"transform":{"pY":4,"scY":1,"x":0,"y":0,"pX":5,"scX":1,"skY":0,"skX":0},"name":"CyborgFolder/LeftArm","type":"image"}],"parent":"forearmL"},{"name":"upperarmL","z":2,"display":[{"transform":{"pY":5,"scY":1,"x":0,"y":0,"pX":7,"scX":1,"skY":0,"skX":0},"name":"CyborgFolder/LeftShoulder","type":"image"}],"parent":"upperarmL"},{"name":"legL","z":3,"display":[{"transform":{"pY":5,"scY":1,"x":0,"y":0,"pX":7,"scX":1,"skY":0,"skX":0},"name":"CyborgFolder/LeftThigh","type":"image"}],"parent":"legL"},{"name":"crusL","z":4,"display":[{"transform":{"pY":6,"scY":1,"x":0,"y":0,"pX":7,"scX":1,"skY":0,"skX":0},"name":"CyborgFolder/Leg","type":"image"}],"parent":"crusL"},{"name":"body","z":5,"display":[{"transform":{"pY":14,"scY":1,"x":0,"y":0,"pX":3,"scX":1,"skY":0,"skX":0},"name":"CyborgFolder/Trunk","type":"image"}],"parent":"body"},{"name":"crotch","z":6,"display":[{"transform":{"pY":2,"scY":1,"x":0,"y":0,"pX":2,"scX":1,"skY":0,"skX":0},"name":"CyborgFolder/Hip","type":"image"}],"parent":"crotch"},{"name":"chest","z":7,"display":[{"transform":{"pY":7,"scY":1,"x":0,"y":0,"pX":6,"scX":1,"skY":0,"skX":0},"name":"CyborgFolder/Chest","type":"image"}],"parent":"chest"},{"name":"head","z":8,"display":[{"transform":{"pY":18,"scY":1,"x":0,"y":0,"pX":20,"scX":1,"skY":0,"skX":0},"name":"CyborgFolder/Head","type":"image"}],"parent":"head"},{"name":"legR","z":9,"display":[{"transform":{"pY":5,"scY":1,"x":0,"y":0,"pX":7,"scX":1,"skY":0,"skX":0},"name":"CyborgFolder/RightThigh","type":"image"}],"parent":"legR"},{"name":"crusR","z":10,"display":[{"transform":{"pY":6,"scY":1,"x":0,"y":0,"pX":7,"scX":1,"skY":0,"skX":0},"name":"CyborgFolder/Leg","type":"image"}],"parent":"crusR"},{"name":"weapon","z":11,"display":[{"transform":{"pY":12,"scY":1,"x":0,"y":0,"pX":27,"scX":1,"skY":0,"skX":0},"name":"CyborgFolder/weapon1","type":"image"},{"transform":{"pY":13,"scY":1,"x":0,"y":0,"pX":19,"scX":1,"skY":0,"skX":0},"name":"CyborgFolder/weapon2","type":"image"},{"transform":{"pY":2,"scY":1,"x":0,"y":0,"pX":24,"scX":1,"skY":0,"skX":0},"name":"CyborgFolder/weapon3","type":"image"},{"transform":{"pY":12,"scY":1,"x":0,"y":0,"pX":28,"scX":1,"skY":0,"skX":0},"name":"CyborgFolder/weapon4","type":"image"}],"parent":"weapon"},{"name":"upperarmR","z":12,"display":[{"transform":{"pY":5,"scY":1,"x":0,"y":0,"pX":7,"scX":1,"skY":0,"skX":0},"name":"CyborgFolder/RightShoulder","type":"image"}],"parent":"upperarmR"},{"name":"handR","z":13,"display":[{"transform":{"pY":0,"scY":1,"x":0,"y":0,"pX":3,"scX":1,"skY":0,"skX":0},"name":"CyborgFolder/RightHand","type":"image"}],"parent":"handR"},{"name":"forearmR","z":14,"display":[{"transform":{"pY":4,"scY":1,"x":0,"y":0,"pX":5,"scX":1,"skY":0,"skX":0},"name":"CyborgFolder/RightArm","type":"image"}],"parent":"forearmR"}]}],"bone":[{"transform":{"scY":1,"scX":1,"x":-9.45,"skY":-78.09,"skX":-78.04,"y":-2.6},"name":"forearmR","parent":"upperarmR"},{"transform":{"scY":1,"scX":1,"x":4.3,"skY":-98.82,"skX":-98.77,"y":0.5},"name":"handR","parent":"forearmR"},{"transform":{"scY":1,"scX":1,"x":-2,"skY":30,"skX":30,"y":-15},"name":"upperarmR","parent":"chest"},{"transform":{"scY":1,"scX":1,"x":11,"skY":0,"skX":0,"y":-2},"name":"weapon","parent":"handR"},{"transform":{"scY":1,"scX":1,"x":-0.95,"skY":33,"skX":33,"y":21.85},"name":"crusR","parent":"legR"},{"transform":{"scY":1,"scX":1,"x":-3,"skY":-7,"skX":-7,"y":0},"name":"legR","parent":"crotch"},{"transform":{"scY":1,"scX":1,"x":4,"skY":0,"skX":0,"y":-19},"name":"head","parent":"chest"},{"transform":{"scY":1,"scX":1,"x":2.6,"skY":4.81,"skX":4.77,"y":-13},"name":"chest","parent":"body"},{"transform":{"scY":1,"scX":1,"x":0,"skY":0,"skX":0,"y":0},"name":"crotch"},{"transform":{"scY":1,"scX":1,"x":0,"skY":9.82,"skX":9.77,"y":0},"name":"body","parent":"crotch"},{"transform":{"scY":1,"scX":1,"x":14.5,"skY":0.25,"skX":0.25,"y":18},"name":"crusL","parent":"legL"},{"transform":{"scY":1,"scX":1,"x":3,"skY":-35.12,"skX":-35.09,"y":0},"name":"legL","parent":"crotch"},{"transform":{"scY":1,"scX":1,"x":5,"skY":-54.55,"skX":-54.52,"y":-14},"name":"upperarmL","parent":"chest"},{"transform":{"scY":1,"scX":1,"x":15.3,"skY":-69.29,"skX":-69.29,"y":-6.15},"name":"forearmL","parent":"upperarmL"},{"transform":{"scY":1,"scX":1,"x":28.55,"skY":-74.36,"skX":-74.32,"y":-1.75},"name":"handL","parent":"forearmL"}],"name":"cyborg","animation":[{"name":"weapon1","scale":1,"loop":1,"timeline":[{"name":"handL","scale":1,"frame":[{"transform":{"pY":0,"scY":1,"x":28.55,"y":-1.75,"pX":0,"scX":1,"skY":-74.36,"skX":-74.32},"z":0,"duration":1}],"offset":0},{"name":"forearmL","scale":1,"frame":[{"transform":{"pY":0,"scY":1,"x":15.3,"y":-6.15,"pX":0,"scX":1,"skY":-69.29,"skX":-69.29},"z":1,"duration":1}],"offset":0},{"name":"upperarmL","scale":1,"frame":[{"transform":{"pY":0,"scY":1,"x":5,"y":-14,"pX":0,"scX":1,"skY":-54.55,"skX":-54.52},"z":2,"duration":1}],"offset":0},{"name":"legL","scale":1,"frame":[{"transform":{"pY":0,"scY":1,"x":3,"y":0,"pX":0,"scX":1,"skY":-35.12,"skX":-35.09},"z":3,"duration":1}],"offset":0},{"name":"crusL","scale":1,"frame":[{"transform":{"pY":0,"scY":1,"x":14.5,"y":18,"pX":0,"scX":1,"skY":0.25,"skX":0.25},"z":4,"duration":1}],"offset":0},{"name":"body","scale":1,"frame":[{"transform":{"pY":0,"scY":1,"x":0,"y":0,"pX":0,"scX":1,"skY":9.82,"skX":9.77},"z":5,"duration":1}],"offset":0},{"name":"crotch","scale":1,"frame":[{"transform":{"pY":0,"scY":1,"x":0,"y":0,"pX":0,"scX":1,"skY":0,"skX":0},"z":6,"duration":1}],"offset":0},{"name":"chest","scale":1,"frame":[{"transform":{"pY":0,"scY":1,"x":2.6,"y":-13,"pX":0,"scX":1,"skY":4.81,"skX":4.77},"z":7,"duration":1}],"offset":0},{"name":"head","scale":1,"frame":[{"transform":{"pY":0,"scY":1,"x":4,"y":-19,"pX":0,"scX":1,"skY":0,"skX":0},"z":8,"duration":1}],"offset":0},{"name":"legR","scale":1,"frame":[{"transform":{"pY":0,"scY":1,"x":-3,"y":0,"pX":0,"scX":1,"skY":-7,"skX":-7},"z":9,"duration":1}],"offset":0},{"name":"crusR","scale":1,"frame":[{"transform":{"pY":0,"scY":1,"x":-0.95,"y":21.85,"pX":0,"scX":1,"skY":33,"skX":33},"z":10,"duration":1}],"offset":0},{"name":"weapon","scale":1,"frame":[{"transform":{"pY":0,"scY":1,"x":11,"y":-2,"pX":0,"scX":1,"skY":0,"skX":0},"z":11,"duration":1}],"offset":0},{"name":"upperarmR","scale":1,"frame":[{"transform":{"pY":0,"scY":1,"x":-2,"y":-15,"pX":0,"scX":1,"skY":30,"skX":30},"z":12,"duration":1}],"offset":0},{"name":"handR","scale":1,"frame":[{"transform":{"pY":0,"scY":1,"x":4.3,"y":0.5,"pX":0,"scX":1,"skY":-98.82,"skX":-98.77},"z":13,"duration":1}],"offset":0},{"name":"forearmR","scale":1,"frame":[{"transform":{"pY":0,"scY":1,"x":-9.45,"y":-2.6,"pX":0,"scX":1,"skY":-78.09,"skX":-78.04},"z":14,"duration":1}],"offset":0}],"fadeInTime":0.3,"duration":1,"tweenEasing":null},{"name":"weapon2","scale":1,"loop":1,"timeline":[{"name":"handL","scale":1,"frame":[{"transform":{"pY":0,"scY":1,"x":30.7,"y":-9.75,"pX":0,"scX":1,"skY":-90.86,"skX":-90.83},"z":0,"duration":1}],"offset":0},{"name":"forearmL","scale":1,"frame":[{"transform":{"pY":0,"scY":1,"x":17.3,"y":-10.15,"pX":0,"scX":1,"skY":-87.02,"skX":-87.02},"z":1,"duration":1}],"offset":0},{"name":"upperarmL","scale":1,"frame":[{"transform":{"pY":0,"scY":1,"x":5,"y":-14,"pX":0,"scX":1,"skY":-72.07,"skX":-72.03},"z":2,"duration":1}],"offset":0},{"name":"legL","scale":1,"frame":[{"transform":{"pY":0,"scY":1,"x":3,"y":0,"pX":0,"scX":1,"skY":-35.12,"skX":-35.09},"z":3,"duration":3}],"offset":0},{"name":"crusL","scale":1,"frame":[{"transform":{"pY":0,"scY":1,"x":14.5,"y":18,"pX":0,"scX":1,"skY":0.25,"skX":0.25},"z":4,"duration":3}],"offset":0},{"name":"body","scale":1,"frame":[{"transform":{"pY":0,"scY":1,"x":0,"y":0,"pX":0,"scX":1,"skY":9.82,"skX":9.77},"z":5,"duration":3}],"offset":0},{"name":"crotch","scale":1,"frame":[{"transform":{"pY":0,"scY":1,"x":0,"y":0,"pX":0,"scX":1,"skY":0,"skX":0},"z":6,"duration":3}],"offset":0},{"name":"chest","scale":1,"frame":[{"transform":{"pY":0,"scY":1,"x":2.6,"y":-13,"pX":0,"scX":1,"skY":4.81,"skX":4.77},"z":7,"duration":3}],"offset":0},{"name":"head","scale":1,"frame":[{"transform":{"pY":0,"scY":1,"x":4,"y":-19,"pX":0,"scX":1,"skY":0,"skX":0},"z":8,"duration":3}],"offset":0},{"name":"legR","scale":1,"frame":[{"transform":{"pY":0,"scY":1,"x":-3,"y":0,"pX":0,"scX":1,"skY":-7,"skX":-7},"z":9,"duration":3}],"offset":0},{"name":"crusR","scale":1,"frame":[{"transform":{"pY":0,"scY":1,"x":-0.95,"y":21.85,"pX":0,"scX":1,"skY":33,"skX":33},"z":10,"duration":3}],"offset":0},{"name":"weapon","scale":1,"frame":[{"z":11,"transform":{"pY":0,"scY":1,"x":20,"y":-11.45,"pX":0,"scX":1,"skY":0,"skX":0},"displayIndex":1,"duration":1}],"offset":0},{"name":"upperarmR","scale":1,"frame":[{"transform":{"pY":0,"scY":1,"x":-2,"y":-15.45,"pX":0,"scX":1,"skY":-25.16,"skX":-25.17},"z":12,"duration":1}],"offset":0},{"name":"handR","scale":1,"frame":[{"transform":{"pY":0,"scY":1,"x":15,"y":-6.45,"pX":0,"scX":1,"skY":-116.3,"skX":-116.25},"z":13,"duration":1}],"offset":0},{"name":"forearmR","scale":1,"frame":[{"transform":{"pY":0,"scY":1,"x":3,"y":-1.45,"pX":0,"scX":1,"skY":-113.54,"skX":-113.49},"z":14,"duration":1}],"offset":0}],"fadeInTime":0.3,"duration":1,"tweenEasing":null},{"name":"weapon3","scale":1,"loop":1,"timeline":[{"name":"handL","scale":1,"frame":[{"transform":{"pY":0,"scY":1,"x":28.55,"y":-1.1,"pX":0,"scX":1,"skY":-66.33,"skX":-66.29},"z":0,"duration":1}],"offset":0},{"name":"forearmL","scale":1,"frame":[{"transform":{"pY":0,"scY":1,"x":15.3,"y":-6.2,"pX":0,"scX":1,"skY":-65.31,"skX":-65.3},"z":1,"duration":1}],"offset":0},{"name":"upperarmL","scale":1,"frame":[{"transform":{"pY":0,"scY":1,"x":5,"y":-14,"pX":0,"scX":1,"skY":-52.09,"skX":-52.05},"z":2,"duration":1}],"offset":0},{"name":"legL","scale":1,"frame":[{"transform":{"pY":0,"scY":1,"x":3,"y":0,"pX":0,"scX":1,"skY":-35.12,"skX":-35.09},"z":3,"duration":2}],"offset":0},{"name":"crusL","scale":1,"frame":[{"transform":{"pY":0,"scY":1,"x":14.5,"y":18,"pX":0,"scX":1,"skY":0.25,"skX":0.25},"z":4,"duration":2}],"offset":0},{"name":"body","scale":1,"frame":[{"transform":{"pY":0,"scY":1,"x":0,"y":0,"pX":0,"scX":1,"skY":9.82,"skX":9.77},"z":5,"duration":2}],"offset":0},{"name":"crotch","scale":1,"frame":[{"transform":{"pY":0,"scY":1,"x":0,"y":0,"pX":0,"scX":1,"skY":0,"skX":0},"z":6,"duration":2}],"offset":0},{"name":"chest","scale":1,"frame":[{"transform":{"pY":0,"scY":1,"x":2.6,"y":-13,"pX":0,"scX":1,"skY":4.81,"skX":4.77},"z":7,"duration":2}],"offset":0},{"name":"head","scale":1,"frame":[{"transform":{"pY":0,"scY":1,"x":4,"y":-19,"pX":0,"scX":1,"skY":0,"skX":0},"z":8,"duration":2}],"offset":0},{"name":"legR","scale":1,"frame":[{"transform":{"pY":0,"scY":1,"x":-3,"y":0,"pX":0,"scX":1,"skY":-7,"skX":-7},"z":9,"duration":2}],"offset":0},{"name":"crusR","scale":1,"frame":[{"transform":{"pY":0,"scY":1,"x":-0.95,"y":21.85,"pX":0,"scX":1,"skY":33,"skX":33},"z":10,"duration":2}],"offset":0},{"name":"weapon","scale":1,"frame":[{"z":11,"transform":{"pY":0,"scY":1,"x":8,"y":-6,"pX":0,"scX":1,"skY":0,"skX":0},"displayIndex":2,"duration":1}],"offset":0},{"name":"upperarmR","scale":1,"frame":[{"transform":{"pY":0,"scY":1,"x":-2,"y":-15,"pX":0,"scX":1,"skY":43.23,"skX":43.22},"z":12,"duration":1}],"offset":0},{"name":"handR","scale":1,"frame":[{"transform":{"pY":0,"scY":1,"x":1.3,"y":-3.5,"pX":0,"scX":1,"skY":-98.82,"skX":-98.77},"z":13,"duration":1}],"offset":0},{"name":"forearmR","scale":1,"frame":[{"transform":{"pY":0,"scY":1,"x":-13,"y":-4,"pX":0,"scX":1,"skY":-87.11,"skX":-87.07},"z":14,"duration":1}],"offset":0}],"fadeInTime":0.3,"duration":1,"tweenEasing":null},{"name":"weapon4","scale":1,"loop":1,"timeline":[{"name":"handL","scale":1,"frame":[{"transform":{"pY":0,"scY":1,"x":32.25,"y":-14.05,"pX":0,"scX":1,"skY":-97.37,"skX":-97.33},"z":0,"duration":1}],"offset":0},{"name":"forearmL","scale":1,"frame":[{"transform":{"pY":0,"scY":1,"x":18,"y":-10.8,"pX":0,"scX":1,"skY":-101.47,"skX":-101.47},"z":1,"duration":1}],"offset":0},{"name":"upperarmL","scale":1,"frame":[{"transform":{"pY":0,"scY":1,"x":5,"y":-14,"pX":0,"scX":1,"skY":-74.12,"skX":-74.08},"z":2,"duration":1}],"offset":0},{"name":"legL","scale":1,"frame":[{"transform":{"pY":0,"scY":1,"x":3,"y":0,"pX":0,"scX":1,"skY":-35.12,"skX":-35.09},"z":3,"duration":1}],"offset":0},{"name":"crusL","scale":1,"frame":[{"transform":{"pY":0,"scY":1,"x":14.5,"y":18,"pX":0,"scX":1,"skY":0.25,"skX":0.25},"z":4,"duration":1}],"offset":0},{"name":"body","scale":1,"frame":[{"transform":{"pY":0,"scY":1,"x":0,"y":0,"pX":0,"scX":1,"skY":9.82,"skX":9.77},"z":5,"duration":1}],"offset":0},{"name":"crotch","scale":1,"frame":[{"transform":{"pY":0,"scY":1,"x":0,"y":0,"pX":0,"scX":1,"skY":0,"skX":0},"z":6,"duration":1}],"offset":0},{"name":"chest","scale":1,"frame":[{"transform":{"pY":0,"scY":1,"x":2.6,"y":-13,"pX":0,"scX":1,"skY":4.81,"skX":4.77},"z":7,"duration":1}],"offset":0},{"name":"head","scale":1,"frame":[{"transform":{"pY":0,"scY":1,"x":4,"y":-19,"pX":0,"scX":1,"skY":0,"skX":0},"z":8,"duration":1}],"offset":0},{"name":"legR","scale":1,"frame":[{"transform":{"pY":0,"scY":1,"x":-3,"y":0,"pX":0,"scX":1,"skY":-7,"skX":-7},"z":9,"duration":1}],"offset":0},{"name":"crusR","scale":1,"frame":[{"transform":{"pY":0,"scY":1,"x":-0.95,"y":21.85,"pX":0,"scX":1,"skY":33,"skX":33},"z":10,"duration":1}],"offset":0},{"name":"weapon","scale":1,"frame":[{"z":11,"transform":{"pY":0,"scY":1,"x":9.5,"y":-17.5,"pX":0,"scX":1,"skY":0,"skX":0},"displayIndex":3,"duration":1}],"offset":0},{"name":"upperarmR","scale":1,"frame":[{"transform":{"pY":0,"scY":1,"x":-2,"y":-15,"pX":0,"scX":1,"skY":-5.69,"skX":-5.7},"z":12,"duration":1}],"offset":0},{"name":"handR","scale":1,"frame":[{"transform":{"pY":0,"scY":1,"x":8.3,"y":-10.5,"pX":0,"scX":1,"skY":-155.52,"skX":-155.48},"z":13,"duration":1}],"offset":0},{"name":"forearmR","scale":1,"frame":[{"transform":{"pY":0,"scY":1,"x":0,"y":1,"pX":0,"scX":1,"skY":-140.76,"skX":-140.71},"z":14,"duration":1}],"offset":0}],"fadeInTime":0.3,"duration":1,"tweenEasing":null},{"name":"stand","scale":12.5,"loop":0,"timeline":[{"name":"handL","scale":1,"frame":[{"transform":{"pY":0,"scY":1,"x":28.55,"y":-1.75,"pX":0,"scX":1,"skY":-74.36,"skX":-74.32},"z":0,"duration":1},{"transform":{"pY":0,"scY":1,"x":29.55,"y":1.25,"pX":0,"scX":1,"skY":-74.36,"skX":-74.32},"z":0,"duration":1}],"offset":0},{"name":"forearmL","scale":1,"frame":[{"transform":{"pY":0,"scY":1,"x":15.3,"y":-6.15,"pX":0,"scX":1,"skY":-69.29,"skX":-69.29},"z":1,"duration":1},{"transform":{"pY":0,"scY":1,"x":16.3,"y":-3.15,"pX":0,"scX":1,"skY":-69.29,"skX":-69.29},"z":1,"duration":1}],"offset":0},{"name":"upperarmL","scale":1,"frame":[{"transform":{"pY":0,"scY":1,"x":5,"y":-14,"pX":0,"scX":1,"skY":-54.55,"skX":-54.52},"z":2,"duration":1},{"transform":{"pY":0,"scY":1,"x":6,"y":-11,"pX":0,"scX":1,"skY":-54.55,"skX":-54.52},"z":2,"duration":1}],"offset":0},{"name":"legL","scale":1,"frame":[{"transform":{"pY":0,"scY":1,"x":3,"y":0,"pX":0,"scX":1,"skY":-35.12,"skX":-35.09},"z":3,"duration":1},{"transform":{"pY":0,"scY":1,"x":3,"y":2,"pX":0,"scX":1,"skY":-45.25,"skX":-45.25},"z":3,"duration":1}],"offset":0},{"name":"crusL","scale":1,"frame":[{"transform":{"pY":0,"scY":1,"x":14.5,"y":18,"pX":0,"scX":1,"skY":0.25,"skX":0.25},"z":4,"duration":1},{"transform":{"pY":0,"scY":1,"x":17.5,"y":17.6,"pX":0,"scX":1,"skY":4.29,"skX":4.29},"z":4,"duration":1}],"offset":0},{"name":"body","scale":1,"frame":[{"transform":{"pY":0,"scY":1,"x":0,"y":0,"pX":0,"scX":1,"skY":9.82,"skX":9.77},"z":5,"duration":1},{"transform":{"pY":0,"scY":1,"x":0,"y":2,"pX":0,"scX":1,"skY":16,"skX":16},"z":5,"duration":1}],"offset":0.95},{"name":"crotch","scale":1,"frame":[{"transform":{"pY":0,"scY":1,"x":0,"y":0,"pX":0,"scX":1,"skY":0,"skX":0},"z":6,"duration":1},{"transform":{"pY":0,"scY":1,"x":0,"y":2,"pX":0,"scX":1,"skY":0,"skX":0},"z":6,"duration":1}],"offset":0},{"name":"chest","scale":1,"frame":[{"transform":{"pY":0,"scY":1,"x":2.6,"y":-13,"pX":0,"scX":1,"skY":4.81,"skX":4.77},"z":7,"duration":1},{"transform":{"pY":0,"scY":1,"x":3.6,"y":-11,"pX":0,"scX":1,"skY":6,"skX":6},"z":7,"duration":1}],"offset":0.9},{"name":"head","scale":1,"frame":[{"transform":{"pY":0,"scY":1,"x":4,"y":-19,"pX":0,"scX":1,"skY":0,"skX":0},"z":8,"duration":1},{"transform":{"pY":0,"scY":1,"x":5,"y":-17,"pX":0,"scX":1,"skY":0,"skX":0},"z":8,"duration":1}],"offset":0.8},{"name":"legR","scale":1,"frame":[{"transform":{"pY":0,"scY":1,"x":-3,"y":0,"pX":0,"scX":1,"skY":-7,"skX":-7},"z":9,"duration":1},{"transform":{"pY":0,"scY":1,"x":-3,"y":2,"pX":0,"scX":1,"skY":-12,"skX":-12},"z":9,"duration":1}],"offset":0},{"name":"crusR","scale":1,"frame":[{"transform":{"pY":0,"scY":1,"x":-0.95,"y":21.85,"pX":0,"scX":1,"skY":33,"skX":33},"z":10,"duration":1},{"transform":{"pY":0,"scY":1,"x":1.05,"y":22.85,"pX":0,"scX":1,"skY":36,"skX":36},"z":10,"duration":1}],"offset":0},{"name":"weapon","scale":1,"frame":[{"transform":{"pY":0,"scY":1,"x":11,"y":-2,"pX":0,"scX":1,"skY":0,"skX":0},"z":11,"duration":1},{"transform":{"pY":0,"scY":1,"x":10,"y":2,"pX":0,"scX":1,"skY":0,"skX":0},"z":11,"duration":1}],"offset":0},{"name":"upperarmR","scale":1,"frame":[{"transform":{"pY":0,"scY":1,"x":-2,"y":-15,"pX":0,"scX":1,"skY":30,"skX":30},"z":12,"duration":1},{"transform":{"pY":0,"scY":1,"x":-1,"y":-12,"pX":0,"scX":1,"skY":37.74,"skX":37.75},"z":12,"duration":1}],"offset":0},{"name":"handR","scale":1,"frame":[{"transform":{"pY":0,"scY":1,"x":4.3,"y":0.5,"pX":0,"scX":1,"skY":-98.82,"skX":-98.77},"z":13,"duration":1},{"transform":{"pY":0,"scY":1,"x":3.3,"y":4.5,"pX":0,"scX":1,"skY":-92.11,"skX":-92.07},"z":13,"duration":1}],"offset":0},{"name":"forearmR","scale":1,"frame":[{"transform":{"pY":0,"scY":1,"x":-9.45,"y":-2.6,"pX":0,"scX":1,"skY":-78.09,"skX":-78.04},"z":14,"duration":1},{"transform":{"pY":0,"scY":1,"x":-9.45,"y":-1,"pX":0,"scX":1,"skY":-71.61,"skX":-71.57},"z":14,"duration":1}],"offset":0}],"fadeInTime":0.25,"duration":2,"tweenEasing":2},{"name":"run","scale":12,"loop":0,"timeline":[{"name":"handL","scale":1,"frame":[{"transform":{"pY":0,"scY":1,"x":28.55,"y":-10.75,"pX":0,"scX":1,"skY":-74.36,"skX":-74.32},"z":0,"duration":1},{"transform":{"pY":0,"scY":1,"x":27.55,"y":0.25,"pX":0,"scX":1,"skY":-74.36,"skX":-74.32},"z":0,"duration":1}],"offset":0},{"name":"forearmL","scale":1,"frame":[{"transform":{"pY":0,"scY":1,"x":15.3,"y":-15.15,"pX":0,"scX":1,"skY":-69.29,"skX":-69.29},"z":1,"duration":1},{"transform":{"pY":0,"scY":1,"x":14.3,"y":-4.15,"pX":0,"scX":1,"skY":-69.29,"skX":-69.29},"z":1,"duration":1}],"offset":0},{"name":"upperarmL","scale":1,"frame":[{"transform":{"pY":0,"scY":1,"x":5,"y":-23,"pX":0,"scX":1,"skY":-54.55,"skX":-54.52},"z":2,"duration":1},{"transform":{"pY":0,"scY":1,"x":4,"y":-12,"pX":0,"scX":1,"skY":-54.55,"skX":-54.52},"z":2,"duration":1}],"offset":0},{"name":"legL","scale":1,"frame":[{"transform":{"pY":0,"scY":1,"x":-2,"y":-4,"pX":0,"scX":1,"skY":35,"skX":35},"z":3,"duration":1},{"transform":{"pY":0,"scY":1,"x":2,"y":4,"pX":0,"scX":1,"skY":-70,"skX":-70},"z":3,"duration":1}],"offset":0},{"name":"crusL","scale":1,"frame":[{"transform":{"pY":0,"scY":1,"x":-16.35,"y":16.55,"pX":0,"scX":1,"skY":50,"skX":50},"z":4,"duration":1},{"transform":{"pY":0,"scY":1,"x":25.55,"y":12.55,"pX":0,"scX":1,"skY":25,"skX":25},"z":4,"duration":1}],"offset":0.15},{"name":"body","scale":0.5,"frame":[{"transform":{"pY":0,"scY":1,"x":0,"y":-5,"pX":0,"scX":1,"skY":10,"skX":10},"z":5,"duration":1},{"transform":{"pY":0,"scY":1,"x":0,"y":5,"pX":0,"scX":1,"skY":12,"skX":12},"z":5,"duration":1}],"offset":0},{"name":"crotch","scale":0.5,"frame":[{"transform":{"pY":0,"scY":1,"x":0,"y":-5,"pX":0,"scX":1,"skY":0,"skX":0},"z":6,"duration":1},{"transform":{"pY":0,"scY":1,"x":0,"y":5,"pX":0,"scX":1,"skY":0,"skX":0},"z":6,"duration":1}],"offset":0},{"name":"chest","scale":0.5,"frame":[{"transform":{"pY":0,"scY":1,"x":2.65,"y":-19.75,"pX":0,"scX":1,"skY":5,"skX":5},"z":7,"duration":1},{"transform":{"pY":0,"scY":1,"x":3.85,"y":-9.5,"pX":0,"scX":1,"skY":6,"skX":6},"z":7,"duration":1}],"offset":0},{"name":"head","scale":0.5,"frame":[{"transform":{"pY":0,"scY":1,"x":4,"y":-25,"pX":0,"scX":1,"skY":0,"skX":0},"z":8,"duration":1},{"transform":{"pY":0,"scY":1,"x":5,"y":-15,"pX":0,"scX":1,"skY":0,"skX":0},"z":8,"duration":1}],"offset":0},{"name":"legR","scale":1,"frame":[{"transform":{"pY":0,"scY":1,"x":2,"y":-6,"pX":0,"scX":1,"skY":-70,"skX":-70},"z":9,"duration":1},{"transform":{"pY":0,"scY":1,"x":-2,"y":6,"pX":0,"scX":1,"skY":35,"skX":35},"z":9,"duration":1}],"offset":0},{"name":"crusR","scale":1,"frame":[{"transform":{"pY":0,"scY":1,"x":25.55,"y":2.55,"pX":0,"scX":1,"skY":25,"skX":25},"z":10,"duration":1},{"transform":{"pY":0,"scY":1,"x":-16.35,"y":26.55,"pX":0,"scX":1,"skY":50,"skX":50},"z":10,"duration":1}],"offset":0.15},{"name":"weapon","scale":1,"frame":[{"transform":{"pY":0,"scY":1,"x":10,"y":-7,"pX":0,"scX":1,"skY":0,"skX":0},"z":11,"duration":1},{"transform":{"pY":0,"scY":1,"x":22,"y":1,"pX":0,"scX":1,"skY":0,"skX":0},"z":11,"duration":1}],"offset":0},{"name":"upperarmR","scale":1,"frame":[{"transform":{"pY":0,"scY":1,"x":-2,"y":-23,"pX":0,"scX":1,"skY":30,"skX":30},"z":12,"duration":1},{"transform":{"pY":0,"scY":1,"x":6,"y":-13,"pX":0,"scX":1,"skY":21.5,"skX":21.5},"z":12,"duration":1}],"offset":0},{"name":"handR","scale":1,"frame":[{"transform":{"pY":0,"scY":1,"x":3.3,"y":-4.5,"pX":0,"scX":1,"skY":-98.82,"skX":-98.77},"z":13,"duration":1},{"transform":{"pY":0,"scY":1,"x":15.3,"y":3.5,"pX":0,"scX":1,"skY":-98.82,"skX":-98.77},"z":13,"duration":1}],"offset":0},{"name":"forearmR","scale":1,"frame":[{"transform":{"pY":0,"scY":1,"x":-9.45,"y":-10.6,"pX":0,"scX":1,"skY":-71.12,"skX":-71.07},"z":14,"duration":1},{"transform":{"pY":0,"scY":1,"x":1.55,"y":0.4,"pX":0,"scX":1,"skY":-78.09,"skX":-78.04},"z":14,"duration":1}],"offset":0}],"fadeInTime":0.25,"duration":2,"tweenEasing":2},{"name":"runBack","scale":15,"loop":0,"timeline":[{"name":"handL","scale":1,"frame":[{"transform":{"pY":0,"scY":1,"x":20.55,"y":-9.75,"pX":0,"scX":1,"skY":-74.36,"skX":-74.32},"z":0,"duration":1},{"transform":{"pY":0,"scY":1,"x":20.55,"y":-5.75,"pX":0,"scX":1,"skY":-74.36,"skX":-74.32},"z":0,"duration":1}],"offset":0},{"name":"forearmL","scale":1,"frame":[{"transform":{"pY":0,"scY":1,"x":7.3,"y":-14.15,"pX":0,"scX":1,"skY":-69.29,"skX":-69.29},"z":1,"duration":1},{"transform":{"pY":0,"scY":1,"x":7.3,"y":-10.15,"pX":0,"scX":1,"skY":-69.29,"skX":-69.29},"z":1,"duration":1}],"offset":0},{"name":"upperarmL","scale":1,"frame":[{"transform":{"pY":0,"scY":1,"x":-3,"y":-22,"pX":0,"scX":1,"skY":-54.55,"skX":-54.52},"z":2,"duration":1},{"transform":{"pY":0,"scY":1,"x":-3,"y":-18,"pX":0,"scX":1,"skY":-54.55,"skX":-54.52},"z":2,"duration":1}],"offset":0},{"name":"legL","scale":1,"frame":[{"transform":{"pY":0,"scY":1,"x":3,"y":-6,"pX":0,"scX":1,"skY":-45,"skX":-45},"z":3,"duration":1},{"transform":{"pY":0,"scY":1,"x":-2.95,"y":0,"pX":0,"scX":1,"skY":15,"skX":15},"z":3,"duration":1}],"offset":0},{"name":"crusL","scale":1,"frame":[{"transform":{"pY":0,"scY":1,"x":17.9,"y":9.3,"pX":0,"scX":1,"skY":45,"skX":45},"z":4,"duration":1},{"transform":{"pY":0,"scY":1,"x":-8.3,"y":21.55,"pX":0,"scX":1,"skY":9,"skX":9},"z":4,"duration":1}],"offset":0.85},{"name":"body","scale":0.5,"frame":[{"transform":{"pY":0,"scY":1,"x":0,"y":-5,"pX":0,"scX":1,"skY":-6,"skX":-6},"z":5,"duration":1},{"transform":{"pY":0,"scY":1,"x":0,"y":-1,"pX":0,"scX":1,"skY":-6,"skX":-6},"z":5,"duration":1}],"offset":0},{"name":"crotch","scale":0.5,"frame":[{"transform":{"pY":0,"scY":1,"x":0,"y":-5,"pX":0,"scX":1,"skY":0,"skX":0},"z":6,"duration":1},{"transform":{"pY":0,"scY":1,"x":0,"y":-1,"pX":0,"scX":1,"skY":0,"skX":0},"z":6,"duration":1}],"offset":0.5},{"name":"chest","scale":0.5,"frame":[{"transform":{"pY":0,"scY":1,"x":-2.15,"y":-18.5,"pX":0,"scX":1,"skY":-3,"skX":-3},"z":7,"duration":1},{"transform":{"pY":0,"scY":1,"x":-2.15,"y":-14.5,"pX":0,"scX":1,"skY":-3,"skX":-3},"z":7,"duration":1}],"offset":0},{"name":"head","scale":0.5,"frame":[{"transform":{"pY":0,"scY":1,"x":-3,"y":-25,"pX":0,"scX":1,"skY":0,"skX":0},"z":8,"duration":1},{"transform":{"pY":0,"scY":1,"x":-3,"y":-21,"pX":0,"scX":1,"skY":0,"skX":0},"z":8,"duration":1}],"offset":0},{"name":"legR","scale":1,"frame":[{"transform":{"pY":0,"scY":1,"x":-3,"y":-4,"pX":0,"scX":1,"skY":15,"skX":15},"z":9,"duration":1},{"transform":{"pY":0,"scY":1,"x":3,"y":-1.95,"pX":0,"scX":1,"skY":-45,"skX":-45},"z":9,"duration":1}],"offset":0},{"name":"crusR","scale":1,"frame":[{"transform":{"pY":0,"scY":1,"x":-8.35,"y":17.55,"pX":0,"scX":1,"skY":9,"skX":9},"z":10,"duration":1},{"transform":{"pY":0,"scY":1,"x":17.9,"y":13.3,"pX":0,"scX":1,"skY":45,"skX":45},"z":10,"duration":1}],"offset":0.85},{"name":"weapon","scale":1,"frame":[{"transform":{"pY":0,"scY":1,"x":10,"y":-8,"pX":0,"scX":1,"skY":0,"skX":0},"z":11,"duration":1},{"transform":{"pY":0,"scY":1,"x":10,"y":-4,"pX":0,"scX":1,"skY":0,"skX":0},"z":11,"duration":1}],"offset":0},{"name":"upperarmR","scale":1,"frame":[{"transform":{"pY":0,"scY":1,"x":-3,"y":-21,"pX":0,"scX":1,"skY":30,"skX":30},"z":12,"duration":1},{"transform":{"pY":0,"scY":1,"x":-4,"y":-18,"pX":0,"scX":1,"skY":25.81,"skX":25.81},"z":12,"duration":1}],"offset":0},{"name":"handR","scale":1,"frame":[{"transform":{"pY":0,"scY":1,"x":3.3,"y":-5.5,"pX":0,"scX":1,"skY":-98.82,"skX":-98.77},"z":13,"duration":1},{"transform":{"pY":0,"scY":1,"x":3.3,"y":-1.5,"pX":0,"scX":1,"skY":-98.82,"skX":-98.77},"z":13,"duration":1}],"offset":0},{"name":"forearmR","scale":1,"frame":[{"transform":{"pY":0,"scY":1,"x":-10.45,"y":-8.6,"pX":0,"scX":1,"skY":-78.09,"skX":-78.04},"z":14,"duration":1},{"transform":{"pY":0,"scY":1,"x":-10.45,"y":-5.6,"pX":0,"scX":1,"skY":-75.62,"skX":-75.57},"z":14,"duration":1}],"offset":0}],"fadeInTime":0.167,"duration":2,"tweenEasing":2},{"name":"squat","scale":0,"loop":1,"timeline":[{"name":"handL","scale":1,"frame":[{"transform":{"pY":0,"scY":1,"x":28.55,"y":27.25,"pX":0,"scX":1,"skY":-74.36,"skX":-74.32},"z":0,"duration":1}],"offset":0},{"name":"forearmL","scale":1,"frame":[{"transform":{"pY":0,"scY":1,"x":15.3,"y":22.85,"pX":0,"scX":1,"skY":-69.29,"skX":-69.29},"z":1,"duration":1}],"offset":0},{"name":"upperarmL","scale":1,"frame":[{"transform":{"pY":0,"scY":1,"x":5,"y":15,"pX":0,"scX":1,"skY":-54.55,"skX":-54.52},"z":2,"duration":1}],"offset":0},{"name":"legL","scale":1,"frame":[{"transform":{"pY":0,"scY":1,"x":2,"y":31,"pX":0,"scX":1,"skY":-120,"skX":-120},"z":3,"duration":1}],"offset":0},{"name":"crusL","scale":1,"frame":[{"transform":{"pY":0,"scY":1,"x":21.1,"y":21.2,"pX":0,"scX":1,"skY":-13.5,"skX":-13.5},"z":4,"duration":1}],"offset":0},{"name":"body","scale":1,"frame":[{"transform":{"pY":0,"scY":1,"x":0,"y":32,"pX":0,"scX":1,"skY":9,"skX":9},"z":5,"duration":1}],"offset":0},{"name":"crotch","scale":1,"frame":[{"transform":{"pY":0,"scY":1,"x":0,"y":32,"pX":0,"scX":1,"skY":0,"skX":0},"z":6,"duration":1}],"offset":0},{"name":"chest","scale":1,"frame":[{"transform":{"pY":0,"scY":1,"x":1.6,"y":18,"pX":0,"scX":1,"skY":6,"skX":6},"z":7,"duration":1}],"offset":0},{"name":"head","scale":1,"frame":[{"transform":{"pY":0,"scY":1,"x":4,"y":13,"pX":0,"scX":1,"skY":0,"skX":0},"z":8,"duration":1}],"offset":0},{"name":"legR","scale":1,"frame":[{"transform":{"pY":0,"scY":1,"x":-2,"y":31,"pX":0,"scX":1,"skY":-30,"skX":-30},"z":9,"duration":1}],"offset":0},{"name":"crusR","scale":1,"frame":[{"transform":{"pY":0,"scY":1,"x":7.85,"y":49.45,"pX":0,"scX":1,"skY":89.99,"skX":89.99},"z":10,"duration":1}],"offset":0},{"name":"weapon","scale":1,"frame":[{"transform":{"pY":0,"scY":1,"x":10,"y":28,"pX":0,"scX":1,"skY":0,"skX":0},"z":11,"duration":1}],"offset":0},{"name":"upperarmR","scale":1,"frame":[{"transform":{"pY":0,"scY":1,"x":-3,"y":15,"pX":0,"scX":1,"skY":30,"skX":30},"z":12,"duration":1}],"offset":0},{"name":"handR","scale":1,"frame":[{"transform":{"pY":0,"scY":1,"x":3.3,"y":30.5,"pX":0,"scX":1,"skY":-98.82,"skX":-98.77},"z":13,"duration":1}],"offset":0},{"name":"forearmR","scale":1,"frame":[{"transform":{"pY":0,"scY":1,"x":-10.45,"y":27.4,"pX":0,"scX":1,"skY":-78.09,"skX":-78.04},"z":14,"duration":1}],"offset":0}],"fadeInTime":0.25,"duration":1,"tweenEasing":null},{"name":"jump","scale":0,"loop":1,"timeline":[{"name":"handL","scale":1,"frame":[{"transform":{"pY":0,"scY":1,"x":30.55,"y":-4.75,"pX":0,"scX":1,"skY":-74.36,"skX":-74.32},"z":0,"duration":1}],"offset":0},{"name":"forearmL","scale":1,"frame":[{"transform":{"pY":0,"scY":1,"x":17.3,"y":-9.15,"pX":0,"scX":1,"skY":-69.29,"skX":-69.29},"z":1,"duration":1}],"offset":0},{"name":"upperarmL","scale":1,"frame":[{"transform":{"pY":0,"scY":1,"x":7,"y":-17,"pX":0,"scX":1,"skY":-54.55,"skX":-54.52},"z":2,"duration":1}],"offset":0},{"name":"legL","scale":1,"frame":[{"transform":{"pY":0,"scY":1,"x":-2,"y":1,"pX":0,"scX":1,"skY":30,"skX":30},"z":3,"duration":1}],"offset":0},{"name":"crusL","scale":1,"frame":[{"transform":{"pY":0,"scY":1,"x":-12.9,"y":20.2,"pX":0,"scX":1,"skY":30,"skX":30},"z":4,"duration":1}],"offset":0},{"name":"body","scale":1,"frame":[{"transform":{"pY":0,"scY":1,"x":0,"y":0,"pX":0,"scX":1,"skY":15,"skX":15},"z":5,"duration":1}],"offset":0},{"name":"crotch","scale":1,"frame":[{"transform":{"pY":0,"scY":1,"x":0,"y":0,"pX":0,"scX":1,"skY":0,"skX":0},"z":6,"duration":1}],"offset":0},{"name":"chest","scale":1,"frame":[{"transform":{"pY":0,"scY":1,"x":3.6,"y":-14,"pX":0,"scX":1,"skY":10,"skX":10},"z":7,"duration":1}],"offset":0},{"name":"head","scale":1,"frame":[{"transform":{"pY":0,"scY":1,"x":5,"y":-20,"pX":0,"scX":1,"skY":0,"skX":0},"z":8,"duration":1}],"offset":0},{"name":"legR","scale":1,"frame":[{"transform":{"pY":0,"scY":1,"x":2,"y":-1,"pX":0,"scX":1,"skY":-60,"skX":-60},"z":9,"duration":1}],"offset":0},{"name":"crusR","scale":1,"frame":[{"transform":{"pY":0,"scY":1,"x":20.85,"y":10.45,"pX":0,"scX":1,"skY":60,"skX":60},"z":10,"duration":1}],"offset":0},{"name":"weapon","scale":1,"frame":[{"transform":{"pY":0,"scY":1,"x":13,"y":-4,"pX":0,"scX":1,"skY":0,"skX":0},"z":11,"duration":1}],"offset":0},{"name":"upperarmR","scale":1,"frame":[{"transform":{"pY":0,"scY":1,"x":0,"y":-17,"pX":0,"scX":1,"skY":30,"skX":30},"z":12,"duration":1}],"offset":0},{"name":"handR","scale":1,"frame":[{"transform":{"pY":0,"scY":1,"x":6.3,"y":-1.5,"pX":0,"scX":1,"skY":-98.82,"skX":-98.77},"z":13,"duration":1}],"offset":0},{"name":"forearmR","scale":1,"frame":[{"transform":{"pY":0,"scY":1,"x":-7.45,"y":-4.6,"pX":0,"scX":1,"skY":-78.09,"skX":-78.04},"z":14,"duration":1}],"offset":0}],"fadeInTime":0.25,"duration":1,"tweenEasing":null},{"name":"fall","scale":0,"loop":1,"timeline":[{"name":"handL","scale":1,"frame":[{"transform":{"pY":0,"scY":1,"x":22.55,"y":-3.75,"pX":0,"scX":1,"skY":-74.36,"skX":-74.32},"z":0,"duration":1}],"offset":0},{"name":"forearmL","scale":1,"frame":[{"transform":{"pY":0,"scY":1,"x":9.3,"y":-8.15,"pX":0,"scX":1,"skY":-69.29,"skX":-69.29},"z":1,"duration":1}],"offset":0},{"name":"upperarmL","scale":1,"frame":[{"transform":{"pY":0,"scY":1,"x":-1,"y":-16,"pX":0,"scX":1,"skY":-54.55,"skX":-54.52},"z":2,"duration":1}],"offset":0},{"name":"legL","scale":1,"frame":[{"transform":{"pY":0,"scY":1,"x":2,"y":0,"pX":0,"scX":1,"skY":-55,"skX":-55},"z":3,"duration":1}],"offset":0},{"name":"crusL","scale":1,"frame":[{"transform":{"pY":0,"scY":1,"x":20.1,"y":13.2,"pX":0,"scX":1,"skY":36,"skX":36},"z":4,"duration":1}],"offset":0},{"name":"body","scale":1,"frame":[{"transform":{"pY":0,"scY":1,"x":0,"y":0,"pX":0,"scX":1,"skY":-9,"skX":-9},"z":5,"duration":1}],"offset":0},{"name":"crotch","scale":1,"frame":[{"transform":{"pY":0,"scY":1,"x":0,"y":0,"pX":0,"scX":1,"skY":0,"skX":0},"z":6,"duration":1}],"offset":0},{"name":"chest","scale":1,"frame":[{"transform":{"pY":0,"scY":1,"x":-3.4,"y":-14,"pX":0,"scX":1,"skY":-6,"skX":-6},"z":7,"duration":1}],"offset":0},{"name":"head","scale":1,"frame":[{"transform":{"pY":0,"scY":1,"x":-5,"y":-20,"pX":0,"scX":1,"skY":0,"skX":0},"z":8,"duration":1}],"offset":0},{"name":"legR","scale":1,"frame":[{"transform":{"pY":0,"scY":1,"x":-2,"y":0,"pX":0,"scX":1,"skY":-15,"skX":-15},"z":9,"duration":1}],"offset":0},{"name":"crusR","scale":1,"frame":[{"transform":{"pY":0,"scY":1,"x":3.85,"y":21.45,"pX":0,"scX":1,"skY":-15,"skX":-15},"z":10,"duration":1}],"offset":0},{"name":"weapon","scale":1,"frame":[{"transform":{"pY":0,"scY":1,"x":4,"y":-3,"pX":0,"scX":1,"skY":0,"skX":0},"z":11,"duration":1}],"offset":0},{"name":"upperarmR","scale":1,"frame":[{"transform":{"pY":0,"scY":1,"x":-9,"y":-16,"pX":0,"scX":1,"skY":30,"skX":30},"z":12,"duration":1}],"offset":0},{"name":"handR","scale":1,"frame":[{"transform":{"pY":0,"scY":1,"x":-2.7,"y":-0.5,"pX":0,"scX":1,"skY":-98.82,"skX":-98.77},"z":13,"duration":1}],"offset":0},{"name":"forearmR","scale":1,"frame":[{"transform":{"pY":0,"scY":1,"x":-16.45,"y":-3.6,"pX":0,"scX":1,"skY":-78.09,"skX":-78.04},"z":14,"duration":1}],"offset":0}],"fadeInTime":0.25,"duration":1,"tweenEasing":null},{"name":"fallEnd","scale":1,"loop":1,"frame":[{"duration":3},{"action":"stand","duration":1}],"timeline":[{"name":"handL","scale":1,"frame":[{"transform":{"pY":0,"scY":1,"x":32.55,"y":6.25,"pX":0,"scX":1,"skY":-74.36,"skX":-74.32},"z":0,"duration":4}],"offset":0},{"name":"forearmL","scale":1,"frame":[{"transform":{"pY":0,"scY":1,"x":19.3,"y":1.85,"pX":0,"scX":1,"skY":-69.29,"skX":-69.29},"z":1,"duration":4}],"offset":0},{"name":"upperarmL","scale":1,"frame":[{"transform":{"pY":0,"scY":1,"x":9,"y":-6,"pX":0,"scX":1,"skY":-54.55,"skX":-54.52},"z":2,"duration":4}],"offset":0},{"name":"legL","scale":1,"frame":[{"transform":{"pY":0,"scY":1,"x":4,"y":7,"pX":0,"scX":1,"skY":-60,"skX":-60},"z":3,"duration":4}],"offset":0},{"name":"crusL","scale":1,"frame":[{"transform":{"pY":0,"scY":1,"x":22.5,"y":18,"pX":0,"scX":1,"skY":0,"skX":0},"z":4,"duration":4}],"offset":0},{"name":"body","scale":1,"frame":[{"transform":{"pY":0,"scY":1,"x":0,"y":7,"pX":0,"scX":1,"skY":23.57,"skX":23.52},"z":5,"duration":4}],"offset":0},{"name":"crotch","scale":1,"frame":[{"transform":{"pY":0,"scY":1,"x":0,"y":7,"pX":0,"scX":1,"skY":0,"skX":0},"z":6,"duration":4}],"offset":0},{"name":"chest","scale":1,"frame":[{"transform":{"pY":0,"scY":1,"x":6.6,"y":-4,"pX":0,"scX":1,"skY":4.81,"skX":4.77},"z":7,"duration":4}],"offset":0},{"name":"head","scale":1,"frame":[{"transform":{"pY":0,"scY":1,"x":8,"y":-10,"pX":0,"scX":1,"skY":0,"skX":0},"z":8,"duration":4}],"offset":0},{"name":"legR","scale":1,"frame":[{"transform":{"pY":0,"scY":1,"x":-4,"y":7,"pX":0,"scX":1,"skY":-30,"skX":-30},"z":9,"duration":4}],"offset":0},{"name":"crusR","scale":1,"frame":[{"transform":{"pY":0,"scY":1,"x":6,"y":26,"pX":0,"scX":1,"skY":45,"skX":45},"z":10,"duration":4}],"offset":0},{"name":"weapon","scale":1,"frame":[{"transform":{"pY":0,"scY":1,"x":15,"y":7,"pX":0,"scX":1,"skY":0,"skX":0},"z":11,"duration":4}],"offset":0},{"name":"upperarmR","scale":1,"frame":[{"transform":{"pY":0,"scY":1,"x":2,"y":-6,"pX":0,"scX":1,"skY":30,"skX":30},"z":12,"duration":4}],"offset":0},{"name":"handR","scale":1,"frame":[{"transform":{"pY":0,"scY":1,"x":8.3,"y":9.5,"pX":0,"scX":1,"skY":-98.82,"skX":-98.77},"z":13,"duration":4}],"offset":0},{"name":"forearmR","scale":1,"frame":[{"transform":{"pY":0,"scY":1,"x":-5.45,"y":6.4,"pX":0,"scX":1,"skY":-78.09,"skX":-78.04},"z":14,"duration":4}],"offset":0}],"fadeInTime":0.167,"duration":4,"tweenEasing":null}]}]}