{"imagePath":"texture.png","name":"Cyborg(AnimationMixing)","SubTexture":[{"name":"CyborgFolder/RightArm","x":16,"width":10,"y":89,"height":19},{"name":"CyborgFolder/RightHand","x":119,"width":7,"y":11,"height":9},{"name":"CyborgFolder/RightShoulder","x":72,"width":14,"y":71,"height":19},{"name":"CyborgFolder/weapon4","x":0,"width":101,"y":0,"height":23},{"name":"CyborgFolder/weapon3","x":0,"width":92,"y":25,"height":22},{"name":"CyborgFolder/weapon2","x":0,"width":91,"y":49,"height":20},{"name":"CyborgFolder/weapon1","x":0,"width":70,"y":71,"height":16},{"name":"CyborgFolder/RightThigh","x":93,"width":14,"y":64,"height":28},{"name":"CyborgFolder/Head","x":94,"width":32,"y":44,"height":18},{"name":"CyborgFolder/Chest","x":40,"width":18,"y":89,"height":9},{"name":"CyborgFolder/Hip","x":119,"width":4,"y":22,"height":4},{"name":"CyborgFolder/Trunk","x":60,"width":10,"y":89,"height":16},{"name":"CyborgFolder/Leg","x":103,"width":14,"y":0,"height":42},{"name":"CyborgFolder/LeftThigh","x":109,"width":14,"y":64,"height":28},{"name":"CyborgFolder/LeftShoulder","x":0,"width":14,"y":89,"height":19},{"name":"CyborgFolder/LeftArm","x":28,"width":10,"y":89,"height":19},{"name":"CyborgFolder/LeftHand","x":119,"width":7,"y":0,"height":9}]}