{"version":2.3,"frameRate":30,"name":"Robot","armature":[{"bone":[{"transform":{"skX":0,"scY":1,"y":17.8,"scX":1,"x":27.35,"skY":0},"name":"outerarm_hand","parent":"outerarm_lower"},{"transform":{"skX":0,"scY":1,"y":-43.2,"scX":1,"x":33.35,"skY":0},"name":"outerarm_lower","parent":"outerarm_upper"},{"transform":{"skX":0,"scY":1,"y":-89.2,"scX":1,"x":17.35,"skY":0},"name":"outerarm_upper","parent":"upperbody"},{"transform":{"skX":0.54,"scY":1,"y":178.85,"scX":1,"x":27.95,"skY":0.54},"name":"outerleg_foot","parent":"outerleg_lower"},{"transform":{"skX":-2.26,"scY":1,"y":89.8,"scX":1,"x":16.75,"skY":-2.26},"name":"outerleg_lower","parent":"outerleg_upper"},{"transform":{"skX":-8.3,"scY":1,"y":14.05,"scX":1,"x":5,"skY":-8.3},"name":"outerleg_upper","parent":"lowerbody"},{"name":"lowerbody","transform":{"skX":0,"scY":1,"y":-10.2,"scX":1,"x":0.35,"skY":0}},{"transform":{"skX":-7.05,"scY":1,"y":-10.05,"scX":1,"x":0,"skY":-7.05},"name":"upperbody","parent":"lowerbody"},{"transform":{"skX":0,"scY":1,"y":-98.2,"scX":1,"x":2.35,"skY":0},"name":"head","parent":"upperbody"},{"transform":{"skX":0,"scY":0.96,"y":175,"scX":0.96,"x":-16,"skY":0},"name":"innerleg_foot","parent":"innerleg_lower"},{"transform":{"skX":3.53,"scY":0.96,"y":90.2,"scX":0.96,"x":-16.3,"skY":3.53},"name":"innerleg_lower","parent":"innerleg_upper"},{"transform":{"skX":12.27,"scY":0.96,"y":19,"scX":0.96,"x":0,"skY":12.27},"name":"innerleg_upper","parent":"lowerbody"},{"transform":{"skX":17.75,"scY":0.97,"y":11.9,"scX":0.97,"x":-67.6,"skY":17.75},"name":"innerarm_hand","parent":"innerarm_lower"},{"transform":{"skX":32.81,"scY":0.97,"y":-32.7,"scX":0.97,"x":-32.75,"skY":32.81},"name":"innerarm_lower","parent":"innerarm_upper"},{"transform":{"skX":37.66,"scY":0.97,"y":-76.75,"scX":0.97,"x":-17.15,"skY":37.66},"name":"innerarm_upper","parent":"upperbody"}],"skin":[{"slot":[{"z":0,"display":[{"transform":{"pY":16.3,"skX":0,"scY":1,"y":0,"scX":1,"pX":16.9,"x":0,"skY":0},"type":"image","name":"robotFolder/arm_upper"}],"name":"innerarm_upper","parent":"innerarm_upper"},{"z":1,"display":[{"transform":{"pY":8.9,"skX":0,"scY":1,"y":0,"scX":1,"pX":10.55,"x":0,"skY":0},"type":"image","name":"robotFolder/arm_lower"}],"name":"innerarm_lower","parent":"innerarm_lower"},{"z":2,"display":[{"transform":{"pY":5.55,"skX":0,"scY":1,"y":0,"scX":1,"pX":12.2,"x":0,"skY":0},"type":"image","name":"robotFolder/arm_hand"}],"name":"innerarm_hand","parent":"innerarm_hand"},{"z":3,"display":[{"transform":{"pY":10.7,"skX":0,"scY":1,"y":0,"scX":1,"pX":18.95,"x":0,"skY":0},"type":"image","name":"robotFolder/leg_upper"}],"name":"innerleg_upper","parent":"innerleg_upper"},{"z":4,"display":[{"transform":{"pY":10.4,"skX":0,"scY":1,"y":0,"scX":1,"pX":14.4,"x":0,"skY":0},"type":"image","name":"robotFolder/leg_lower"}],"name":"innerleg_lower","parent":"innerleg_lower"},{"z":5,"display":[{"transform":{"pY":2.4,"skX":0,"scY":1,"y":0,"scX":1,"pX":28.15,"x":0,"skY":0},"type":"image","name":"robotFolder/leg_foot"}],"name":"innerleg_foot","parent":"innerleg_foot"},{"z":6,"display":[{"transform":{"pY":54.35,"skX":0,"scY":1,"y":0,"scX":1,"pX":37.7,"x":0,"skY":0},"type":"image","name":"robotFolder/head"}],"name":"head","parent":"head"},{"z":7,"display":[{"transform":{"pY":90.95,"skX":0,"scY":1,"y":0,"scX":1,"pX":32.35,"x":0,"skY":0},"type":"image","name":"robotFolder/upperbody"}],"name":"upperbody","parent":"upperbody"},{"z":8,"display":[{"transform":{"pY":18.4,"skX":0,"scY":1,"y":0,"scX":1,"pX":20.8,"x":0,"skY":0},"type":"image","name":"robotFolder/lowerbody"}],"name":"lowerbody","parent":"lowerbody"},{"z":9,"display":[{"transform":{"pY":10.7,"skX":0,"scY":1,"y":0,"scX":1,"pX":18.95,"x":0,"skY":0},"type":"image","name":"robotFolder/leg_upper"}],"name":"outerleg_upper","parent":"outerleg_upper"},{"z":10,"display":[{"transform":{"pY":10.4,"skX":0,"scY":1,"y":0,"scX":1,"pX":14.4,"x":0,"skY":0},"type":"image","name":"robotFolder/leg_lower"}],"name":"outerleg_lower","parent":"outerleg_lower"},{"z":11,"display":[{"transform":{"pY":2.4,"skX":0,"scY":1,"y":0,"scX":1,"pX":28.15,"x":0,"skY":0},"type":"image","name":"robotFolder/leg_foot"}],"name":"outerleg_foot","parent":"outerleg_foot"},{"z":12,"display":[{"transform":{"pY":16.3,"skX":0,"scY":1,"y":0,"scX":1,"pX":16.9,"x":0,"skY":0},"type":"image","name":"robotFolder/arm_upper"}],"name":"outerarm_upper","parent":"outerarm_upper"},{"z":13,"display":[{"transform":{"pY":8.9,"skX":0,"scY":1,"y":0,"scX":1,"pX":10.55,"x":0,"skY":0},"type":"image","name":"robotFolder/arm_lower"}],"name":"outerarm_lower","parent":"outerarm_lower"},{"z":14,"display":[{"transform":{"pY":5.55,"skX":0,"scY":1,"y":0,"scX":1,"pX":12.2,"x":0,"skY":0},"type":"image","name":"robotFolder/arm_hand"}],"name":"outerarm_hand","parent":"outerarm_hand"}],"name":0}],"animation":[{"tweenEasing":2,"name":"stop","scale":20,"timeline":[{"scale":1,"frame":[{"transform":{"pY":0,"skX":37.66,"scY":0.97,"y":-76.75,"scX":0.97,"pX":0,"x":-17.15,"skY":37.66},"duration":1,"z":0},{"transform":{"pY":0,"skX":32.37,"scY":0.97,"y":-72.05,"scX":0.97,"pX":0,"x":-20.25,"skY":32.37},"duration":1,"z":0}],"name":"innerarm_upper","offset":0.95},{"scale":1,"frame":[{"transform":{"pY":0,"skX":32.81,"scY":0.97,"y":-32.7,"scX":0.97,"pX":0,"x":-32.75,"skY":32.81},"duration":1,"z":1},{"transform":{"pY":0,"skX":23.03,"scY":0.97,"y":-26.75,"scX":0.97,"pX":0,"x":-31.7,"skY":23.03},"duration":1,"z":1}],"name":"innerarm_lower","offset":0},{"scale":1,"frame":[{"transform":{"pY":0,"skX":17.75,"scY":0.97,"y":11.9,"scX":0.97,"pX":0,"x":-67.6,"skY":17.75},"duration":1,"z":2},{"transform":{"pY":0,"skX":7.97,"scY":0.97,"y":23.15,"scX":0.97,"pX":0,"x":-58.45,"skY":7.97},"duration":1,"z":2}],"name":"innerarm_hand","offset":0},{"scale":1,"frame":[{"transform":{"pY":0,"skX":12.27,"scY":0.96,"y":19,"scX":0.96,"pX":0,"x":0,"skY":12.27},"duration":1,"z":3},{"transform":{"pY":0,"skX":16.02,"scY":0.96,"y":19,"scX":0.96,"pX":0,"x":0,"skY":16.02},"duration":1,"z":3}],"name":"innerleg_upper","offset":0},{"scale":1,"frame":[{"transform":{"pY":0,"skX":3.53,"scY":0.96,"y":90.2,"scX":0.96,"pX":0,"x":-16.3,"skY":3.53},"duration":1,"z":4},{"transform":{"pY":0,"skX":0.54,"scY":0.96,"y":89.2,"scX":0.96,"pX":0,"x":-21.3,"skY":0.54},"duration":1,"z":4}],"name":"innerleg_lower","offset":0},{"scale":1,"frame":[{"transform":{"pY":0,"skX":0,"scY":0.96,"y":175,"scX":0.96,"pX":0,"x":-16,"skY":0},"duration":1,"z":5},{"transform":{"pY":0,"skX":0,"scY":0.96,"y":175,"scX":0.96,"pX":0,"x":-16,"skY":0},"duration":1,"z":5}],"name":"innerleg_foot","offset":0},{"scale":1,"frame":[{"transform":{"pY":0,"skX":0,"scY":1,"y":-98.2,"scX":1,"pX":0,"x":2.35,"skY":0},"duration":1,"z":6},{"transform":{"pY":0,"skX":0,"scY":1,"y":-94.2,"scX":1,"pX":0,"x":-3.65,"skY":0},"duration":1,"z":6}],"name":"head","offset":0.9},{"scale":1,"frame":[{"transform":{"pY":0,"skX":-7.05,"scY":1,"y":-10.05,"scX":1,"pX":0,"x":0,"skY":-7.05},"duration":1,"z":7},{"transform":{"pY":0,"skX":-10.06,"scY":1,"y":-7,"scX":1,"pX":0,"x":0,"skY":-10.06},"duration":1,"z":7}],"name":"upperbody","offset":0},{"scale":1,"frame":[{"transform":{"pY":0,"skX":0,"scY":1,"y":-10.2,"scX":1,"pX":0,"x":0.35,"skY":0},"duration":1,"z":8},{"transform":{"pY":0,"skX":0,"scY":1,"y":-8.2,"scX":1,"pX":0,"x":0.35,"skY":0},"duration":1,"z":8}],"name":"lowerbody","offset":0},{"scale":1,"frame":[{"transform":{"pY":0,"skX":-8.3,"scY":1,"y":14.05,"scX":1,"pX":0,"x":5,"skY":-8.3},"duration":1,"z":9},{"transform":{"pY":0,"skX":-5.05,"scY":1,"y":14.1,"scX":1,"pX":0,"x":5,"skY":-5.05},"duration":1,"z":9}],"name":"outerleg_upper","offset":0},{"scale":1,"frame":[{"transform":{"pY":0,"skX":-2.26,"scY":1,"y":89.8,"scX":1,"pX":0,"x":16.75,"skY":-2.26},"duration":1,"z":10},{"transform":{"pY":0,"skX":-5.76,"scY":1,"y":90.8,"scX":1,"pX":0,"x":11.7,"skY":-5.76},"duration":1,"z":10}],"name":"outerleg_lower","offset":0},{"scale":1,"frame":[{"transform":{"pY":0,"skX":0.54,"scY":1,"y":178.85,"scX":1,"pX":0,"x":27.95,"skY":0.54},"duration":1,"z":11},{"transform":{"pY":0,"skX":0.54,"scY":1,"y":178.85,"scX":1,"pX":0,"x":27.95,"skY":0.54},"duration":1,"z":11}],"name":"outerleg_foot","offset":0},{"scale":1,"frame":[{"transform":{"pY":0,"skX":0,"scY":1,"y":-89.2,"scX":1,"pX":0,"x":17.35,"skY":0},"duration":1,"z":12},{"transform":{"pY":0,"skX":0,"scY":1,"y":-85.2,"scX":1,"pX":0,"x":11.35,"skY":0},"duration":1,"z":12}],"name":"outerarm_upper","offset":0.95},{"scale":1,"frame":[{"transform":{"pY":0,"skX":0,"scY":1,"y":-43.2,"scX":1,"pX":0,"x":33.35,"skY":0},"duration":1,"z":13},{"transform":{"pY":0,"skX":6.51,"scY":1,"y":-39.2,"scX":1,"pX":0,"x":27.35,"skY":6.51},"duration":1,"z":13}],"name":"outerarm_lower","offset":0},{"scale":1,"frame":[{"transform":{"pY":0,"skX":0,"scY":1,"y":17.8,"scX":1,"pX":0,"x":27.35,"skY":0},"duration":1,"z":14},{"transform":{"pY":0,"skX":-14.82,"scY":1,"y":18.85,"scX":1,"pX":0,"x":14.35,"skY":-14.82},"duration":1,"z":14}],"name":"outerarm_hand","offset":0}],"duration":2,"fadeInTime":0.2,"loop":0},{"tweenEasing":2,"name":"run","scale":20,"timeline":[{"scale":1,"frame":[{"transform":{"pY":0,"skX":39.13,"scY":0.97,"y":-72.05,"scX":0.97,"pX":0,"x":-10.15,"skY":39.13},"duration":1,"z":0},{"transform":{"pY":0,"skX":-20.78,"scY":0.97,"y":-92.05,"scX":0.97,"pX":0,"x":7.85,"skY":-20.78},"duration":1,"z":0}],"name":"innerarm_upper","offset":0},{"scale":1,"frame":[{"transform":{"pY":0,"skX":54.18,"scY":0.97,"y":-26.8,"scX":0.97,"pX":0,"x":-27,"skY":54.18},"duration":1,"z":1},{"transform":{"pY":0,"skX":-35.82,"scY":0.97,"y":-56.7,"scX":0.97,"pX":0,"x":37.35,"skY":-35.82},"duration":1,"z":1}],"name":"innerarm_lower","offset":0},{"scale":1,"frame":[{"transform":{"pY":0,"skX":69.22,"scY":0.97,"y":1.45,"scX":0.97,"pX":0,"x":-77.9,"skY":69.22},"duration":1,"z":2},{"transform":{"pY":0,"skX":-65.91,"scY":0.97,"y":-5.75,"scX":0.97,"pX":0,"x":65.55,"skY":-65.91},"duration":1,"z":2}],"name":"innerarm_hand","offset":0},{"scale":1,"frame":[{"transform":{"pY":0,"skX":-15.01,"scY":0.96,"y":15,"scX":0.96,"pX":0,"x":12,"skY":-15.01},"duration":1,"z":3},{"transform":{"pY":0,"skX":39.89,"scY":0.96,"y":6.45,"scX":0.96,"pX":0,"x":-3.6,"skY":39.89},"duration":1,"z":3}],"name":"innerleg_upper","offset":0},{"scale":1,"frame":[{"transform":{"pY":0,"skX":-69.98,"scY":0.96,"y":85.75,"scX":0.96,"pX":0,"x":31.2,"skY":-69.98},"duration":1,"z":4},{"transform":{"pY":0,"skX":40.08,"scY":0.96,"y":61.2,"scX":0.96,"pX":0,"x":-49.3,"skY":40.08},"duration":1,"z":4}],"name":"innerleg_lower","offset":0.7},{"scale":1,"frame":[{"transform":{"pY":0,"skX":-30.05,"scY":0.96,"y":109.15,"scX":0.96,"pX":0,"x":113.55,"skY":-30.05},"duration":1,"z":5},{"transform":{"pY":0,"skX":0,"scY":0.96,"y":131.1,"scX":0.96,"pX":0,"x":-99.45,"skY":0},"duration":1,"z":5}],"name":"innerleg_foot","offset":0.5},{"scale":0.5,"frame":[{"transform":{"pY":0,"skX":0,"scY":1,"y":-97.2,"scX":1,"pX":0,"x":-5.65,"skY":0},"duration":1,"z":6},{"transform":{"pY":0,"skX":-14.82,"scY":1,"y":-112.2,"scX":1,"pX":0,"x":-5.65,"skY":-14.82},"duration":1,"z":6}],"name":"head","offset":0},{"scale":0.5,"frame":[{"transform":{"pY":0,"skX":-7.05,"scY":1,"y":-10.05,"scX":1,"pX":0,"x":0,"skY":-7.05},"duration":1,"z":7},{"transform":{"pY":0,"skX":-7.05,"scY":1,"y":-25,"scX":1,"pX":0,"x":0.05,"skY":-7.05},"duration":1,"z":7}],"name":"upperbody","offset":0.5},{"scale":0.5,"frame":[{"transform":{"pY":0,"skX":0,"scY":1,"y":-10.2,"scX":1,"pX":0,"x":0.35,"skY":0},"duration":1,"z":8},{"transform":{"pY":0,"skX":0,"scY":1,"y":-20.2,"scX":1,"pX":0,"x":0.35,"skY":0},"duration":1,"z":8}],"name":"lowerbody","offset":0.75},{"scale":1,"frame":[{"transform":{"pY":0,"skX":40.08,"scY":1,"y":14.1,"scX":1,"pX":0,"x":-1,"skY":40.08},"duration":1,"z":9},{"transform":{"pY":0,"skX":-14.82,"scY":1,"y":1.45,"scX":1,"pX":0,"x":11.5,"skY":-14.82},"duration":1,"z":9}],"name":"outerleg_upper","offset":0},{"scale":1,"frame":[{"transform":{"pY":0,"skX":39.89,"scY":1,"y":70.85,"scX":1,"pX":0,"x":-50.35,"skY":39.89},"duration":1,"z":10},{"transform":{"pY":0,"skX":-69.98,"scY":1,"y":74.9,"scX":1,"pX":0,"x":31.7,"skY":-69.98},"duration":1,"z":10}],"name":"outerleg_lower","offset":0.7},{"scale":1,"frame":[{"transform":{"pY":0,"skX":0,"scY":1,"y":143,"scX":1,"pX":0,"x":-103,"skY":0},"duration":1,"z":11},{"transform":{"pY":0,"skX":-30.05,"scY":1,"y":100,"scX":1,"pX":0,"x":116,"skY":-30.05},"duration":1,"z":11}],"name":"outerleg_foot","offset":0.5},{"scale":1,"frame":[{"transform":{"pY":0,"skX":-14.82,"scY":1,"y":-89.25,"scX":1,"pX":0,"x":17.35,"skY":-14.82},"duration":1,"z":12},{"transform":{"pY":0,"skX":37.62,"scY":1,"y":-104.15,"scX":1,"pX":0,"x":7.35,"skY":37.62},"duration":1,"z":12}],"name":"outerarm_upper","offset":0},{"scale":1,"frame":[{"transform":{"pY":0,"skX":-34.61,"scY":1,"y":-48.2,"scX":1,"pX":0,"x":46.4,"skY":-34.61},"duration":1,"z":13},{"transform":{"pY":0,"skX":37.62,"scY":1,"y":-58.05,"scX":1,"pX":0,"x":-8.15,"skY":37.62},"duration":1,"z":13}],"name":"outerarm_lower","offset":0},{"scale":1,"frame":[{"transform":{"pY":0,"skX":-64.7,"scY":1,"y":5.4,"scX":1,"pX":0,"x":76.2,"skY":-64.7},"duration":1,"z":14},{"transform":{"pY":0,"skX":52.67,"scY":1,"y":-13.45,"scX":1,"pX":0,"x":-50.15,"skY":52.67},"duration":1,"z":14}],"name":"outerarm_hand","offset":0}],"duration":2,"fadeInTime":0.2,"loop":0},{"tweenEasing":2,"name":"run2","scale":15,"timeline":[{"scale":1,"frame":[{"transform":{"pY":0,"skX":103.06,"scY":0.97,"y":-128.2,"scX":0.97,"pX":0,"x":-28.7,"skY":103.06},"duration":1,"z":0},{"transform":{"pY":0,"skX":-90,"scY":0.97,"y":-85.7,"scX":0.97,"pX":0,"x":-24.1,"skY":-90},"duration":1,"z":0}],"name":"innerarm_upper","offset":0},{"scale":1,"frame":[{"transform":{"pY":0,"skX":174.24,"scY":0.97,"y":-124.4,"scX":0.97,"pX":0,"x":-79.55,"skY":174.24},"duration":1,"z":1},{"transform":{"pY":0,"skX":-36.08,"scY":0.97,"y":-100.55,"scX":0.97,"pX":0,"x":24.65,"skY":-36.08},"duration":1,"z":1}],"name":"innerarm_lower","offset":0},{"scale":1,"frame":[{"transform":{"pY":0,"skX":-170.94,"scY":0.97,"y":-181.25,"scX":0.97,"pX":0,"x":-78.7,"skY":-170.94},"duration":1,"z":2},{"transform":{"pY":0,"skX":-80.94,"scY":0.97,"y":-51.15,"scX":0.97,"pX":0,"x":53.05,"skY":-80.94},"duration":1,"z":2}],"name":"innerarm_hand","offset":0},{"scale":1,"frame":[{"transform":{"pY":0,"skX":-45,"scY":0.96,"y":-37,"scX":0.96,"pX":0,"x":26,"skY":-45},"duration":1,"z":3},{"transform":{"pY":0,"skX":86.7,"scY":0.96,"y":13.65,"scX":0.96,"pX":0,"x":1.4,"skY":86.7},"duration":1,"z":3}],"name":"innerleg_upper","offset":0},{"scale":1,"frame":[{"transform":{"pY":0,"skX":-60,"scY":0.96,"y":15.25,"scX":0.96,"pX":0,"x":77.15,"skY":-60},"duration":1,"z":4},{"transform":{"pY":0,"skX":-8,"scY":0.96,"y":16.65,"scX":0.96,"pX":0,"x":-69.2,"skY":-8},"duration":1,"z":4}],"name":"innerleg_lower","offset":0.15},{"scale":1,"frame":[{"transform":{"pY":0,"skX":-110.59,"scY":0.96,"y":53.4,"scX":0.96,"pX":0,"x":154.6,"skY":-110.59},"duration":1,"z":5},{"transform":{"pY":0,"skX":24.28,"scY":0.96,"y":104.95,"scX":0.96,"pX":0,"x":-54.8,"skY":24.28},"duration":1,"z":5}],"name":"innerleg_foot","offset":0},{"scale":0.5,"frame":[{"transform":{"pY":0,"skX":0,"scY":1,"y":-148.2,"scX":1,"pX":0,"x":-14.3,"skY":0},"duration":1,"z":6},{"transform":{"pY":0,"skX":0,"scY":1,"y":-85.3,"scX":1,"pX":0,"x":-43.35,"skY":0},"duration":1,"z":6}],"name":"head","offset":0.1},{"scale":0.5,"frame":[{"transform":{"pY":0,"skX":-16.56,"scY":1,"y":-60.7,"scX":1,"pX":0,"x":1.95,"skY":-16.56},"duration":1,"z":7},{"transform":{"pY":0,"skX":-36.85,"scY":1,"y":-10,"scX":1,"pX":0,"x":0,"skY":-36.85},"duration":1,"z":7}],"name":"upperbody","offset":0.05},{"scale":0.5,"frame":[{"transform":{"pY":0,"skX":-14.82,"scY":1,"y":-60.2,"scX":1,"pX":0,"x":0.4,"skY":-14.82},"duration":1,"z":8},{"transform":{"pY":0,"skX":-14.82,"scY":1,"y":-10.2,"scX":1,"pX":0,"x":0.4,"skY":-14.82},"duration":1,"z":8}],"name":"lowerbody","offset":0},{"scale":1,"frame":[{"transform":{"pY":0,"skX":81.99,"scY":1,"y":-36.9,"scX":1,"pX":0,"x":1,"skY":81.99},"duration":1,"z":9},{"transform":{"pY":0,"skX":-53.12,"scY":1,"y":17.6,"scX":1,"pX":0,"x":20.55,"skY":-53.12},"duration":1,"z":9}],"name":"outerleg_upper","offset":0},{"scale":1,"frame":[{"transform":{"pY":0,"skX":-1.31,"scY":1,"y":-23.65,"scX":1,"pX":0,"x":-72.3,"skY":-1.31},"duration":1,"z":10},{"transform":{"pY":0,"skX":-56.92,"scY":1,"y":65.4,"scX":1,"pX":0,"x":82.4,"skY":-56.92},"duration":1,"z":10}],"name":"outerleg_lower","offset":0.15},{"scale":1,"frame":[{"transform":{"pY":0,"skX":29.86,"scY":1,"y":66.7,"scX":1,"pX":0,"x":-65.1,"skY":29.86},"duration":1,"z":11},{"transform":{"pY":0,"skX":-114.04,"scY":1,"y":111.15,"scX":1,"pX":0,"x":162.2,"skY":-114.04},"duration":1,"z":11}],"name":"outerleg_foot","offset":0},{"scale":1,"frame":[{"transform":{"pY":0,"skX":-74.17,"scY":1,"y":-139.2,"scX":1,"pX":0,"x":5.3,"skY":-74.17},"duration":1,"z":12},{"transform":{"pY":0,"skX":80.19,"scY":1,"y":-67.6,"scX":1,"pX":0,"x":-51.6,"skY":80.19},"duration":1,"z":12}],"name":"outerarm_upper","offset":0},{"scale":1,"frame":[{"transform":{"pY":0,"skX":-19.57,"scY":1,"y":-139.75,"scX":1,"pX":0,"x":56.6,"skY":-19.57},"duration":1,"z":13},{"transform":{"pY":0,"skX":155.21,"scY":1,"y":-43.5,"scX":1,"pX":0,"x":-99.35,"skY":155.21},"duration":1,"z":13}],"name":"outerarm_lower","offset":0},{"scale":1,"frame":[{"transform":{"pY":0,"skX":-64.7,"scY":1,"y":-82.1,"scX":1,"pX":0,"x":70.45,"skY":-64.7},"duration":1,"z":14},{"transform":{"pY":0,"skX":167.18,"scY":1,"y":-100.7,"scX":1,"pX":0,"x":-117.7,"skY":167.18},"duration":1,"z":14}],"name":"outerarm_hand","offset":0}],"duration":2,"fadeInTime":0.2,"loop":0},{"tweenEasing":2,"name":"squat","scale":20,"timeline":[{"scale":1,"frame":[{"transform":{"pY":0,"skX":99.06,"scY":0.97,"y":11.05,"scX":0.97,"pX":0,"x":-46.25,"skY":99.06},"duration":1,"z":0},{"transform":{"pY":0,"skX":99.06,"scY":0.97,"y":13,"scX":0.97,"pX":0,"x":-53.2,"skY":99.06},"duration":1,"z":0}],"name":"innerarm_upper","offset":0.95},{"scale":1,"frame":[{"transform":{"pY":0,"skX":88.24,"scY":0.97,"y":18.4,"scX":0.97,"pX":0,"x":-92.3,"skY":88.24},"duration":1,"z":1},{"transform":{"pY":0,"skX":84.24,"scY":0.97,"y":20.4,"scX":0.97,"pX":0,"x":-99.35,"skY":84.24},"duration":1,"z":1}],"name":"innerarm_lower","offset":0},{"scale":1,"frame":[{"transform":{"pY":0,"skX":138.41,"scY":0.97,"y":15.1,"scX":0.97,"pX":0,"x":-148.9,"skY":138.41},"duration":1,"z":2},{"transform":{"pY":0,"skX":-20.82,"scY":0.97,"y":21,"scX":0.97,"pX":0,"x":-156,"skY":-20.82},"duration":1,"z":2}],"name":"innerarm_hand","offset":0},{"scale":1,"frame":[{"transform":{"pY":0,"skX":102.27,"scY":0.96,"y":99,"scX":0.96,"pX":0,"x":0.05,"skY":102.27},"duration":1,"z":3},{"transform":{"pY":0,"skX":102.27,"scY":0.96,"y":99,"scX":0.96,"pX":0,"x":0.05,"skY":102.27},"duration":1,"z":3}],"name":"innerleg_upper","offset":0},{"scale":1,"frame":[{"transform":{"pY":0,"skX":3.53,"scY":0.96,"y":88.15,"scX":0.96,"pX":0,"x":-69.3,"skY":3.53},"duration":1,"z":4},{"transform":{"pY":0,"skX":3.53,"scY":0.96,"y":88.15,"scX":0.96,"pX":0,"x":-69.3,"skY":3.53},"duration":1,"z":4}],"name":"innerleg_lower","offset":0},{"scale":1,"frame":[{"transform":{"pY":0,"skX":0,"scY":0.96,"y":174,"scX":0.96,"pX":0,"x":-68,"skY":0},"duration":1,"z":5},{"transform":{"pY":0,"skX":0,"scY":0.96,"y":174,"scX":0.96,"pX":0,"x":-68,"skY":0},"duration":1,"z":5}],"name":"innerleg_foot","offset":0},{"scale":1,"frame":[{"transform":{"pY":0,"skX":0,"scY":1,"y":3.8,"scX":1,"pX":0,"x":-51.65,"skY":0},"duration":1,"z":6},{"transform":{"pY":0,"skX":0,"scY":1,"y":5.8,"scX":1,"pX":0,"x":-55.65,"skY":0},"duration":1,"z":6}],"name":"head","offset":0.9},{"scale":1,"frame":[{"transform":{"pY":0,"skX":-37.12,"scY":1,"y":70.05,"scX":1,"pX":0,"x":0,"skY":-37.12},"duration":1,"z":7},{"transform":{"pY":0,"skX":-43.13,"scY":1,"y":70,"scX":1,"pX":0,"x":0.05,"skY":-43.13},"duration":1,"z":7}],"name":"upperbody","offset":0},{"scale":1,"frame":[{"transform":{"pY":0,"skX":-3.56,"scY":1,"y":69.85,"scX":1,"pX":0,"x":0.3,"skY":-3.56},"duration":1,"z":8},{"transform":{"pY":0,"skX":-8.06,"scY":1,"y":69.75,"scX":1,"pX":0,"x":0.35,"skY":-8.06},"duration":1,"z":8}],"name":"lowerbody","offset":0},{"scale":1,"frame":[{"transform":{"pY":0,"skX":21.54,"scY":1,"y":96.1,"scX":1,"pX":0,"x":3.95,"skY":21.54},"duration":1,"z":9},{"transform":{"pY":0,"skX":21.54,"scY":1,"y":96.1,"scX":1,"pX":0,"x":3.95,"skY":21.54},"duration":1,"z":9}],"name":"outerleg_upper","offset":0},{"scale":1,"frame":[{"transform":{"pY":0,"skX":-77.43,"scY":1,"y":165.55,"scX":1,"pX":0,"x":-22.7,"skY":-77.43},"duration":1,"z":10},{"transform":{"pY":0,"skX":-77.43,"scY":1,"y":165.55,"scX":1,"pX":0,"x":-22.7,"skY":-77.43},"duration":1,"z":10}],"name":"outerleg_lower","offset":0},{"scale":1,"frame":[{"transform":{"pY":0,"skX":-119.31,"scY":1,"y":178,"scX":1,"pX":0,"x":64,"skY":-119.31},"duration":1,"z":11},{"transform":{"pY":0,"skX":-119.31,"scY":1,"y":178,"scX":1,"pX":0,"x":64,"skY":-119.31},"duration":1,"z":11}],"name":"outerleg_foot","offset":0},{"scale":1,"frame":[{"transform":{"pY":0,"skX":-89.99,"scY":1,"y":-4.3,"scX":1,"pX":0,"x":-19.95,"skY":-89.99},"duration":1,"z":12},{"transform":{"pY":0,"skX":-89.99,"scY":1,"y":-2.3,"scX":1,"pX":0,"x":-27.95,"skY":-89.99},"duration":1,"z":12}],"name":"outerarm_upper","offset":0.95},{"scale":1,"frame":[{"transform":{"pY":0,"skX":-128.12,"scY":1,"y":-20.3,"scX":1,"pX":0,"x":26.05,"skY":-128.12},"duration":1,"z":13},{"transform":{"pY":0,"skX":-119.86,"scY":1,"y":-18.25,"scX":1,"pX":0,"x":18.1,"skY":-119.86},"duration":1,"z":13}],"name":"outerarm_lower","offset":0},{"scale":1,"frame":[{"transform":{"pY":0,"skX":-7.82,"scY":1,"y":-53.35,"scX":1,"pX":0,"x":77.7,"skY":172.18},"duration":1,"z":14},{"transform":{"pY":0,"skX":-172.82,"scY":1,"y":-43.6,"scX":1,"pX":0,"x":73.9,"skY":7.18},"duration":1,"z":14}],"name":"outerarm_hand","offset":0}],"duration":2,"fadeInTime":0.2,"loop":0},{"tweenEasing":2,"name":"oneLegStand","scale":20,"timeline":[{"scale":1,"frame":[{"transform":{"pY":0,"skX":129.13,"scY":0.97,"y":-62.95,"scX":0.97,"pX":0,"x":-61.2,"skY":129.13},"duration":1,"z":0},{"transform":{"pY":0,"skX":129.13,"scY":0.97,"y":-59,"scX":0.97,"pX":0,"x":-64.2,"skY":129.13},"duration":1,"z":0}],"name":"innerarm_upper","offset":0.95},{"scale":1,"frame":[{"transform":{"pY":0,"skX":114.09,"scY":0.97,"y":-79.65,"scX":0.97,"pX":0,"x":-104.9,"skY":114.09},"duration":1,"z":1},{"transform":{"pY":0,"skX":119.6,"scY":0.97,"y":-75.65,"scX":0.97,"pX":0,"x":-107.85,"skY":119.6},"duration":1,"z":1}],"name":"innerarm_lower","offset":0},{"scale":1,"frame":[{"transform":{"pY":0,"skX":114.09,"scY":0.97,"y":-107.5,"scX":0.97,"pX":0,"x":-154.3,"skY":114.09},"duration":1,"z":2},{"transform":{"pY":0,"skX":119.6,"scY":0.97,"y":-108.1,"scX":0.97,"pX":0,"x":-154.4,"skY":119.6},"duration":1,"z":2}],"name":"innerarm_hand","offset":0},{"scale":1,"frame":[{"transform":{"pY":0,"skX":-115.32,"scY":0.96,"y":3,"scX":0.96,"pX":0,"x":18,"skY":-115.32},"duration":1,"z":3},{"transform":{"pY":0,"skX":-110.07,"scY":0.96,"y":3.35,"scX":0.96,"pX":0,"x":18.25,"skY":-110.07},"duration":1,"z":3}],"name":"innerleg_upper","offset":0.9},{"scale":1,"frame":[{"transform":{"pY":0,"skX":-113.07,"scY":0.96,"y":-27.6,"scX":0.96,"pX":0,"x":87.85,"skY":-113.07},"duration":1,"z":4},{"transform":{"pY":0,"skX":-112.32,"scY":0.96,"y":-20.85,"scX":0.96,"pX":0,"x":90.6,"skY":-112.32},"duration":1,"z":4}],"name":"innerleg_lower","offset":0},{"scale":1,"frame":[{"transform":{"pY":0,"skX":180,"scY":0.96,"y":-65,"scX":0.96,"pX":0,"x":166,"skY":180},"duration":1,"z":5},{"transform":{"pY":0,"skX":-179.44,"scY":0.96,"y":-57.25,"scX":0.96,"pX":0,"x":169.15,"skY":-179.44},"duration":1,"z":5}],"name":"innerleg_foot","offset":0},{"scale":1,"frame":[{"transform":{"pY":0,"skX":44.91,"scY":1,"y":-77.65,"scX":1,"pX":0,"x":-56.35,"skY":44.91},"duration":1,"z":6},{"transform":{"pY":0,"skX":44.91,"scY":1,"y":-71.65,"scX":1,"pX":0,"x":-59.35,"skY":44.91},"duration":1,"z":6}],"name":"head","offset":0},{"scale":1,"frame":[{"transform":{"pY":0,"skX":-52.17,"scY":1,"y":-10,"scX":1,"pX":0,"x":0,"skY":-52.17},"duration":1,"z":7},{"transform":{"pY":0,"skX":-56.94,"scY":1,"y":-10,"scX":1,"pX":0,"x":0.05,"skY":-56.94},"duration":1,"z":7}],"name":"upperbody","offset":0.95},{"scale":1,"frame":[{"transform":{"pY":0,"skX":-29.86,"scY":1,"y":-10.15,"scX":1,"pX":0,"x":0.35,"skY":-29.86},"duration":1,"z":8},{"transform":{"pY":0,"skX":-29.86,"scY":1,"y":-10.15,"scX":1,"pX":0,"x":0.35,"skY":-29.86},"duration":1,"z":8}],"name":"lowerbody","offset":0},{"scale":1,"frame":[{"transform":{"pY":0,"skX":0.54,"scY":1,"y":8.1,"scX":1,"pX":0,"x":10,"skY":0.54},"duration":1,"z":9},{"transform":{"pY":0,"skX":2.78,"scY":1,"y":8.1,"scX":1,"pX":0,"x":10,"skY":2.78},"duration":1,"z":9}],"name":"outerleg_upper","offset":0},{"scale":1,"frame":[{"transform":{"pY":0,"skX":5.54,"scY":1,"y":83.75,"scX":1,"pX":0,"x":5.7,"skY":5.54},"duration":1,"z":10},{"transform":{"pY":0,"skX":2.54,"scY":1,"y":83.85,"scX":1,"pX":0,"x":0.75,"skY":2.54},"duration":1,"z":10}],"name":"outerleg_lower","offset":0},{"scale":1,"frame":[{"transform":{"pY":0,"skX":0.54,"scY":1,"y":172.8,"scX":1,"pX":0,"x":4,"skY":0.54},"duration":1,"z":11},{"transform":{"pY":0,"skX":0.54,"scY":1,"y":172.8,"scX":1,"pX":0,"x":4,"skY":0.54},"duration":1,"z":11}],"name":"outerleg_foot","offset":0},{"scale":1,"frame":[{"transform":{"pY":0,"skX":-119.86,"scY":1,"y":-69.2,"scX":1,"pX":0,"x":-36.75,"skY":-119.86},"duration":1,"z":12},{"transform":{"pY":0,"skX":-112.53,"scY":1,"y":-65.2,"scX":1,"pX":0,"x":-40.75,"skY":-112.53},"duration":1,"z":12}],"name":"outerarm_upper","offset":0.95},{"scale":1,"frame":[{"transform":{"pY":0,"skX":-149.95,"scY":1,"y":-106.05,"scX":1,"pX":0,"x":-4.85,"skY":-149.95},"duration":1,"z":13},{"transform":{"pY":0,"skX":-148.69,"scY":1,"y":-97.65,"scX":1,"pX":0,"x":-4.3,"skY":-148.69},"duration":1,"z":13}],"name":"outerarm_lower","offset":0},{"scale":1,"frame":[{"transform":{"pY":0,"skX":-149.95,"scY":1,"y":-155.85,"scX":1,"pX":0,"x":30.85,"skY":-149.95},"duration":1,"z":14},{"transform":{"pY":0,"skX":-148.69,"scY":1,"y":-146.5,"scX":1,"pX":0,"x":32.45,"skY":-148.69},"duration":1,"z":14}],"name":"outerarm_hand","offset":0}],"duration":2,"fadeInTime":0.2,"loop":0},{"tweenEasing":2,"name":"oneLegStand2","scale":20,"timeline":[{"scale":1,"frame":[{"transform":{"pY":0,"skX":60.65,"scY":0.97,"y":60.3,"scX":0.97,"pX":0,"x":-37.85,"skY":60.65},"duration":1,"z":0},{"transform":{"pY":0,"skX":63.9,"scY":0.97,"y":59.85,"scX":0.97,"pX":0,"x":-49.05,"skY":63.9},"duration":1,"z":0}],"name":"innerarm_upper","offset":0.9},{"scale":1,"frame":[{"transform":{"pY":0,"skX":45.61,"scY":0.97,"y":95,"scX":0.97,"pX":0,"x":-69.2,"skY":45.61},"duration":1,"z":1},{"transform":{"pY":0,"skX":54.17,"scY":0.97,"y":92.7,"scX":0.97,"pX":0,"x":-82.25,"skY":54.17},"duration":1,"z":1}],"name":"innerarm_lower","offset":0},{"scale":1,"frame":[{"transform":{"pY":0,"skX":45.61,"scY":0.97,"y":131,"scX":0.97,"pX":0,"x":-113.15,"skY":45.61},"duration":1,"z":2},{"transform":{"pY":0,"skX":54.17,"scY":0.97,"y":121.7,"scX":0.97,"pX":0,"x":-131.1,"skY":54.17},"duration":1,"z":2}],"name":"innerarm_hand","offset":0},{"scale":1,"frame":[{"transform":{"pY":0,"skX":-136.37,"scY":0.96,"y":-8.8,"scX":0.96,"pX":0,"x":30.95,"skY":-136.37},"duration":1,"z":3},{"transform":{"pY":0,"skX":-132.12,"scY":0.96,"y":-8.35,"scX":0.96,"pX":0,"x":31.4,"skY":-132.12},"duration":1,"z":3}],"name":"innerleg_upper","offset":0.9},{"scale":1,"frame":[{"transform":{"pY":0,"skX":-134.12,"scY":0.96,"y":-62.4,"scX":0.96,"pX":0,"x":85.25,"skY":-134.12},"duration":1,"z":4},{"transform":{"pY":0,"skX":-135.38,"scY":0.96,"y":-57.8,"scX":0.96,"pX":0,"x":89.5,"skY":-135.38},"duration":1,"z":4}],"name":"innerleg_lower","offset":0},{"scale":1,"frame":[{"transform":{"pY":0,"skX":159.18,"scY":0.96,"y":-125.2,"scX":0.96,"pX":0,"x":144.8,"skY":159.18},"duration":1,"z":5},{"transform":{"pY":0,"skX":157.92,"scY":0.96,"y":-121.85,"scX":0.96,"pX":0,"x":147.6,"skY":157.92},"duration":1,"z":5}],"name":"innerleg_foot","offset":0},{"scale":1,"frame":[{"transform":{"pY":0,"skX":-15.01,"scY":1,"y":63.7,"scX":1,"pX":0,"x":-46.5,"skY":-15.01},"duration":1,"z":6},{"transform":{"pY":0,"skX":-15.01,"scY":1,"y":58.7,"scX":1,"pX":0,"x":-54.5,"skY":-15.01},"duration":1,"z":6}],"name":"head","offset":0},{"scale":1,"frame":[{"transform":{"pY":0,"skX":-165.98,"scY":1,"y":-10,"scX":1,"pX":0,"x":-5.05,"skY":-165.98},"duration":1,"z":7},{"transform":{"pY":0,"skX":-158.47,"scY":1,"y":-10,"scX":1,"pX":0,"x":-4.95,"skY":-158.47},"duration":1,"z":7}],"name":"upperbody","offset":0.95},{"scale":1,"frame":[{"transform":{"pY":0,"skX":-60.14,"scY":1,"y":-10.15,"scX":1,"pX":0,"x":0.4,"skY":-60.14},"duration":1,"z":8},{"transform":{"pY":0,"skX":-60.14,"scY":1,"y":-10.15,"scX":1,"pX":0,"x":0.4,"skY":-60.14},"duration":1,"z":8}],"name":"lowerbody","offset":0},{"scale":1,"frame":[{"transform":{"pY":0,"skX":0.54,"scY":1,"y":1.1,"scX":1,"pX":0,"x":28,"skY":0.54},"duration":1,"z":9},{"transform":{"pY":0,"skX":0.54,"scY":1,"y":1.1,"scX":1,"pX":0,"x":28,"skY":0.54},"duration":1,"z":9}],"name":"outerleg_upper","offset":0},{"scale":1,"frame":[{"transform":{"pY":0,"skX":5.54,"scY":1,"y":76.75,"scX":1,"pX":0,"x":23.8,"skY":5.54},"duration":1,"z":10},{"transform":{"pY":0,"skX":5.54,"scY":1,"y":76.75,"scX":1,"pX":0,"x":23.8,"skY":5.54},"duration":1,"z":10}],"name":"outerleg_lower","offset":0},{"scale":1,"frame":[{"transform":{"pY":0,"skX":0.54,"scY":1,"y":165.75,"scX":1,"pX":0,"x":22,"skY":0.54},"duration":1,"z":11},{"transform":{"pY":0,"skX":0.54,"scY":1,"y":165.75,"scX":1,"pX":0,"x":22,"skY":0.54},"duration":1,"z":11}],"name":"outerleg_foot","offset":0},{"scale":1,"frame":[{"transform":{"pY":0,"skX":-134.91,"scY":1,"y":47.8,"scX":1,"pX":0,"x":-37.7,"skY":-134.91},"duration":1,"z":12},{"transform":{"pY":0,"skX":-139.42,"scY":1,"y":43.65,"scX":1,"pX":0,"x":-44.8,"skY":-139.42},"duration":1,"z":12}],"name":"outerarm_upper","offset":0.9},{"scale":1,"frame":[{"transform":{"pY":0,"skX":-164.99,"scY":1,"y":3.95,"scX":1,"pX":0,"x":-16.55,"skY":-164.99},"duration":1,"z":13},{"transform":{"pY":0,"skX":-173.74,"scY":1,"y":-1.65,"scX":1,"pX":0,"x":-27.2,"skY":-173.74},"duration":1,"z":13}],"name":"outerarm_lower","offset":0},{"scale":1,"frame":[{"transform":{"pY":0,"skX":-180,"scY":1,"y":-53.4,"scX":1,"pX":0,"x":5.1,"skY":-180},"duration":1,"z":14},{"transform":{"pY":0,"skX":171.44,"scY":1,"y":-61.65,"scX":1,"pX":0,"x":-14.5,"skY":171.44},"duration":1,"z":14}],"name":"outerarm_hand","offset":0}],"duration":2,"fadeInTime":0.2,"loop":0},{"tweenEasing":2,"name":"float","scale":25,"timeline":[{"scale":1,"frame":[{"transform":{"pY":0,"skX":164.98,"scY":0.97,"y":-147.55,"scX":0.97,"pX":0,"x":25.3,"skY":164.98},"duration":1,"z":0},{"transform":{"pY":0,"skX":161.67,"scY":0.97,"y":-128.95,"scX":0.97,"pX":0,"x":20.5,"skY":161.67},"duration":1,"z":0}],"name":"innerarm_upper","offset":0},{"scale":1,"frame":[{"transform":{"pY":0,"skX":159.22,"scY":0.97,"y":-191.95,"scX":0.97,"pX":0,"x":-3.65,"skY":159.22},"duration":1,"z":1},{"transform":{"pY":0,"skX":155.91,"scY":0.97,"y":-171.6,"scX":0.97,"pX":0,"x":-11.05,"skY":155.91},"duration":1,"z":1}],"name":"innerarm_lower","offset":0},{"scale":1,"frame":[{"transform":{"pY":0,"skX":144.18,"scY":0.97,"y":-250.4,"scX":0.97,"pX":0,"x":-17.7,"skY":144.18},"duration":1,"z":2},{"transform":{"pY":0,"skX":140.87,"scY":0.97,"y":-229.1,"scX":0.97,"pX":0,"x":-28.65,"skY":140.87},"duration":1,"z":2}],"name":"innerarm_hand","offset":0},{"scale":1,"frame":[{"transform":{"pY":0,"skX":-40.12,"scY":0.96,"y":-41,"scX":0.96,"pX":0,"x":0,"skY":-40.12},"duration":1,"z":3},{"transform":{"pY":0,"skX":-33.86,"scY":0.96,"y":-21,"scX":0.96,"pX":0,"x":-0.05,"skY":-33.86},"duration":1,"z":3}],"name":"innerleg_upper","offset":0},{"scale":1,"frame":[{"transform":{"pY":0,"skX":-7.3,"scY":0.96,"y":18.5,"scX":0.96,"pX":0,"x":42.95,"skY":-7.3},"duration":1,"z":4},{"transform":{"pY":0,"skX":-9.06,"scY":0.96,"y":42.85,"scX":0.96,"pX":0,"x":36.25,"skY":-9.06},"duration":1,"z":4}],"name":"innerleg_lower","offset":0},{"scale":1,"frame":[{"transform":{"pY":0,"skX":-75.18,"scY":0.96,"y":102.95,"scX":0.96,"pX":0,"x":57,"skY":-75.18},"duration":1,"z":5},{"transform":{"pY":0,"skX":-46.86,"scY":0.96,"y":126.95,"scX":0.96,"pX":0,"x":52.9,"skY":-46.86},"duration":1,"z":5}],"name":"innerleg_foot","offset":0},{"scale":1,"frame":[{"transform":{"pY":0,"skX":68.21,"scY":1,"y":-145.25,"scX":1,"pX":0,"x":47.35,"skY":68.21},"duration":1,"z":6},{"transform":{"pY":0,"skX":64.72,"scY":1,"y":-127.9,"scX":1,"pX":0,"x":42.65,"skY":64.72},"duration":1,"z":6}],"name":"head","offset":0.9},{"scale":1,"frame":[{"transform":{"pY":0,"skX":22.79,"scY":1,"y":-70,"scX":1,"pX":0,"x":0,"skY":22.79},"duration":1,"z":7},{"transform":{"pY":0,"skX":19.29,"scY":1,"y":-49.95,"scX":1,"pX":0,"x":0.05,"skY":19.29},"duration":1,"z":7}],"name":"upperbody","offset":0.95},{"scale":1,"frame":[{"transform":{"pY":0,"skX":0,"scY":1,"y":-70.2,"scX":1,"pX":0,"x":0.35,"skY":0},"duration":1,"z":8},{"transform":{"pY":0,"skX":0,"scY":1,"y":-50.2,"scX":1,"pX":0,"x":0.35,"skY":0},"duration":1,"z":8}],"name":"lowerbody","offset":0},{"scale":1,"frame":[{"transform":{"pY":0,"skX":-15.54,"scY":1,"y":-45.95,"scX":1,"pX":0,"x":4.95,"skY":-15.54},"duration":1,"z":9},{"transform":{"pY":0,"skX":-9.54,"scY":1,"y":-25.9,"scX":1,"pX":0,"x":5,"skY":-9.54},"duration":1,"z":9}],"name":"outerleg_upper","offset":0.9},{"scale":1,"frame":[{"transform":{"pY":0,"skX":5.55,"scY":1,"y":29.85,"scX":1,"pX":0,"x":20.7,"skY":5.55},"duration":1,"z":10},{"transform":{"pY":0,"skX":5.3,"scY":1,"y":51.15,"scX":1,"pX":0,"x":12.7,"skY":5.3},"duration":1,"z":10}],"name":"outerleg_lower","offset":0},{"scale":1,"frame":[{"transform":{"pY":0,"skX":-59.41,"scY":1,"y":120.9,"scX":1,"pX":0,"x":14.85,"skY":-59.41},"duration":1,"z":11},{"transform":{"pY":0,"skX":-44.6,"scY":1,"y":142.15,"scX":1,"pX":0,"x":7.25,"skY":-44.6},"duration":1,"z":11}],"name":"outerleg_foot","offset":0},{"scale":1,"frame":[{"transform":{"pY":0,"skX":14.82,"scY":1,"y":-124.2,"scX":1,"pX":0,"x":51.35,"skY":14.82},"duration":1,"z":12},{"transform":{"pY":0,"skX":11.52,"scY":1,"y":-107.15,"scX":1,"pX":0,"x":47.95,"skY":11.52},"duration":1,"z":12}],"name":"outerarm_upper","offset":0},{"scale":1,"frame":[{"transform":{"pY":0,"skX":-14.82,"scY":1,"y":-78.2,"scX":1,"pX":0,"x":55.35,"skY":-14.82},"duration":1,"z":13},{"transform":{"pY":0,"skX":-11.06,"scY":1,"y":-61.6,"scX":1,"pX":0,"x":54.75,"skY":-11.06},"duration":1,"z":13}],"name":"outerarm_lower","offset":0.9},{"scale":1,"frame":[{"transform":{"pY":0,"skX":-44.91,"scY":1,"y":-23.25,"scX":1,"pX":0,"x":63.35,"skY":-44.91},"duration":1,"z":14},{"transform":{"pY":0,"skX":-41.13,"scY":1,"y":-6.15,"scX":1,"pX":0,"x":59.1,"skY":-41.13},"duration":1,"z":14}],"name":"outerarm_hand","offset":0}],"duration":2,"fadeInTime":0.2,"loop":0},{"tweenEasing":2,"name":"pushUp","scale":15,"timeline":[{"scale":1,"frame":[{"transform":{"pY":0,"skX":109.52,"scY":0.97,"y":-23.7,"scX":0.97,"pX":0,"x":-76.6,"skY":109.52},"duration":1,"z":0},{"transform":{"pY":0,"skX":157.45,"scY":0.97,"y":-99.4,"scX":0.97,"pX":0,"x":-46.45,"skY":157.45},"duration":1,"z":0}],"name":"innerarm_upper","offset":0.9},{"scale":1,"frame":[{"transform":{"pY":0,"skX":87.69,"scY":0.97,"y":-25,"scX":0.97,"pX":0,"x":-126.25,"skY":87.69},"duration":1,"z":1},{"transform":{"pY":0,"skX":135.39,"scY":0.97,"y":-137.1,"scX":0.97,"pX":0,"x":-78.8,"skY":135.39},"duration":1,"z":1}],"name":"innerarm_lower","offset":0},{"scale":1,"frame":[{"transform":{"pY":0,"skX":72.68,"scY":0.97,"y":-30.75,"scX":0.97,"pX":0,"x":-186.4,"skY":72.68},"duration":1,"z":2},{"transform":{"pY":0,"skX":120.34,"scY":0.97,"y":-185.5,"scX":0.97,"pX":0,"x":-114.75,"skY":120.34},"duration":1,"z":2}],"name":"innerarm_hand","offset":0},{"scale":1,"frame":[{"transform":{"pY":0,"skX":-90.8,"scY":0.96,"y":6.15,"scX":0.96,"pX":0,"x":27.3,"skY":-90.8},"duration":1,"z":3},{"transform":{"pY":0,"skX":-77.98,"scY":0.96,"y":-32.5,"scX":0.96,"pX":0,"x":33.65,"skY":-77.98},"duration":1,"z":3}],"name":"innerleg_upper","offset":0},{"scale":1,"frame":[{"transform":{"pY":0,"skX":-85.98,"scY":0.96,"y":6.1,"scX":0.96,"pX":0,"x":104.2,"skY":-85.98},"duration":1,"z":4},{"transform":{"pY":0,"skX":-72.96,"scY":0.96,"y":-15.15,"scX":0.96,"pX":0,"x":108.65,"skY":-72.96},"duration":1,"z":4}],"name":"innerleg_lower","offset":0},{"scale":1,"frame":[{"transform":{"pY":0,"skX":-120.05,"scY":0.96,"y":9.25,"scX":0.96,"pX":0,"x":192.05,"skY":-120.05},"duration":1,"z":5},{"transform":{"pY":0,"skX":-107.02,"scY":0.96,"y":7.65,"scX":0.96,"pX":0,"x":193.5,"skY":-107.02},"duration":1,"z":5}],"name":"innerleg_foot","offset":0},{"scale":1,"frame":[{"transform":{"pY":0,"skX":-61.21,"scY":1,"y":-21.05,"scX":1,"pX":0,"x":-82.1,"skY":-61.21},"duration":1,"z":6},{"transform":{"pY":0,"skX":-19.79,"scY":1,"y":-94.4,"scX":1,"pX":0,"x":-63.8,"skY":-19.79},"duration":1,"z":6}],"name":"head","offset":0.95},{"scale":1,"frame":[{"transform":{"pY":0,"skX":-84.47,"scY":1,"y":0,"scX":1,"pX":0,"x":0,"skY":-84.47},"duration":1,"z":7},{"transform":{"pY":0,"skX":-65.93,"scY":1,"y":-48.8,"scX":1,"pX":0,"x":10.55,"skY":-65.93},"duration":1,"z":7}],"name":"upperbody","offset":0},{"scale":1,"frame":[{"transform":{"pY":0,"skX":-75.18,"scY":1,"y":1,"scX":1,"pX":0,"x":0.95,"skY":-75.18},"duration":1,"z":8},{"transform":{"pY":0,"skX":-62.15,"scY":1,"y":-43.45,"scX":1,"pX":0,"x":9.2,"skY":-62.15},"duration":1,"z":8}],"name":"lowerbody","offset":0},{"scale":1,"frame":[{"transform":{"pY":0,"skX":-86.7,"scY":1,"y":7.3,"scX":1,"pX":0,"x":27.3,"skY":-86.7},"duration":1,"z":9},{"transform":{"pY":0,"skX":-73.69,"scY":1,"y":-31.25,"scX":1,"pX":0,"x":33.4,"skY":-73.69},"duration":1,"z":9}],"name":"outerleg_upper","offset":0},{"scale":1,"frame":[{"transform":{"pY":0,"skX":-84.45,"scY":1,"y":13.6,"scX":1,"pX":0,"x":103.9,"skY":-84.45},"duration":1,"z":10},{"transform":{"pY":0,"skX":-71.44,"scY":1,"y":-7.9,"scX":1,"pX":0,"x":106.6,"skY":-71.44},"duration":1,"z":10}],"name":"outerleg_lower","offset":0},{"scale":1,"frame":[{"transform":{"pY":0,"skX":-119.31,"scY":1,"y":17.1,"scX":1,"pX":0,"x":190.85,"skY":-119.31},"duration":1,"z":11},{"transform":{"pY":0,"skX":-106.29,"scY":1,"y":14.95,"scX":1,"pX":0,"x":190.55,"skY":-106.29},"duration":1,"z":11}],"name":"outerleg_foot","offset":0},{"scale":1,"frame":[{"transform":{"pY":0,"skX":-83.19,"scY":1,"y":-16.25,"scX":1,"pX":0,"x":-79.75,"skY":-83.19},"duration":1,"z":12},{"transform":{"pY":0,"skX":21.83,"scY":1,"y":-85.95,"scX":1,"pX":0,"x":-50.9,"skY":21.83},"duration":1,"z":12}],"name":"outerarm_upper","offset":0},{"scale":1,"frame":[{"transform":{"pY":0,"skX":32.11,"scY":1,"y":-24.75,"scX":1,"pX":0,"x":-27.55,"skY":32.11},"duration":1,"z":13},{"transform":{"pY":0,"skX":3,"scY":1,"y":-37.8,"scX":1,"pX":0,"x":-55.5,"skY":3},"duration":1,"z":13}],"name":"outerarm_lower","offset":0},{"scale":1,"frame":[{"transform":{"pY":0,"skX":67.67,"scY":1,"y":21.75,"scX":1,"pX":0,"x":-65.65,"skY":67.67},"duration":1,"z":14},{"transform":{"pY":0,"skX":67.67,"scY":1,"y":21.75,"scX":1,"pX":0,"x":-65.65,"skY":67.67},"duration":1,"z":14}],"name":"outerarm_hand","offset":0}],"duration":2,"fadeInTime":0.2,"loop":0}],"name":"robot"}]}