<TextureAtlas name="Warrior" imagePath="texture.png">
  <SubTexture name="warriorFolder/outerarm_upper" x="78" y="81" width="22" height="33"/>
  <SubTexture name="warriorFolder/outerarm_lower" x="57" y="79" width="19" height="25"/>
  <SubTexture name="warriorFolder/outerarm_hand" x="109" y="55" width="14" height="14"/>
  <SubTexture name="warriorFolder/lowerbody" x="79" y="0" width="32" height="38"/>
  <SubTexture name="warriorFolder/outerleg_foot" x="42" y="106" width="26" height="18"/>
  <SubTexture name="warriorFolder/outerleg_lower" x="35" y="48" width="20" height="38"/>
  <SubTexture name="warriorFolder/outerleg_upper" x="14" y="0" width="33" height="43"/>
  <SubTexture name="warriorFolder/upperbody" x="79" y="40" width="28" height="39"/>
  <SubTexture name="warriorFolder/head" x="57" y="48" width="20" height="29"/>
  <SubTexture name="warriorFolder/innerleg_foot" x="14" y="88" width="26" height="18"/>
  <SubTexture name="warriorFolder/innerleg_lower" x="14" y="45" width="19" height="40"/>
  <SubTexture name="warriorFolder/innerleg_upper" x="49" y="0" width="28" height="46"/>
  <SubTexture name="warriorFolder/innerweapon" x="0" y="0" width="12" height="100"/>
  <SubTexture name="warriorFolder/innerarm_upper" x="102" y="81" width="23" height="28"/>
  <SubTexture name="warriorFolder/innerarm_lower" x="0" y="108" width="24" height="18"/>
  <SubTexture name="warriorFolder/innerarm_hand" x="109" y="40" width="15" height="13"/>
</TextureAtlas>