<TextureAtlas name="Warrior" imagePath="texture.png">
  <SubTexture name="warriorFolder/outerarm_upper" x="312" y="130" width="71" height="110"/>
  <SubTexture name="warriorFolder/outerarm_lower" x="385" y="227" width="61" height="81"/>
  <SubTexture name="warriorFolder/outerarm_hand" x="193" y="155" width="44" height="45"/>
  <SubTexture name="warriorFolder/lowerbody" x="244" y="0" width="106" height="126"/>
  <SubTexture name="warriorFolder/outerleg_foot" x="106" y="155" width="86" height="60"/>
  <SubTexture name="warriorFolder/outerleg_lower" x="244" y="127" width="66" height="125"/>
  <SubTexture name="warriorFolder/outerleg_upper" x="40" y="0" width="109" height="142"/>
  <SubTexture name="warriorFolder/upperbody" x="351" y="0" width="92" height="129"/>
  <SubTexture name="warriorFolder/head" x="40" y="144" width="65" height="96"/>
  <SubTexture name="warriorFolder/innerleg_foot" x="106" y="216" width="86" height="58"/>
  <SubTexture name="warriorFolder/innerleg_lower" x="444" y="0" width="62" height="131"/>
  <SubTexture name="warriorFolder/innerleg_upper" x="150" y="0" width="93" height="153"/>
  <SubTexture name="warriorFolder/innerweapon" x="0" y="0" width="39" height="333"/>
  <SubTexture name="warriorFolder/innerarm_upper" x="433" y="132" width="75" height="93"/>
  <SubTexture name="warriorFolder/innerarm_lower" x="193" y="253" width="80" height="57"/>
  <SubTexture name="warriorFolder/innerarm_hand" x="385" y="130" width="47" height="42"/>
</TextureAtlas>